Link,Standing screen display size,Screen Resolution,Max Screen Resolution,Processor,RAM,Memory Speed,Hard Drive,Graphics Coprocessor,Chipset Brand,Card Description,Wireless Type,Graphics Card Ram Size,Number of USB 2.0 Ports,Number of USB 3.0 Ports,Average Battery Life (in hours)
https://www.amazon.com//Acer-A515-46-R3UB-Display-Quad-Core-Processor/dp/B09HVC79PC/ref=sr_1_1?keywords=laptop&qid=1653585547&sr=8-1,15.6 Inches,,1920 x 1080,3.5 GHz ryzen_3,4 GB DDR4,3.5 GHz,128 GB SSD,,AMD,Integrated,Bluetooth,,1,3,10 Hours
https://www.amazon.com//Lenovo-IdeaPad-Display-GeForce-82K200UTUS/dp/B09BDFTX65/ref=sr_1_2?keywords=laptop&qid=1653585547&sr=8-2,15.6,,1920 x 1080,3.3 ryzen_5,8 GB DDR4,3200 MHz,256 GB SSD,NVIDIA GeForce GTX 1650,NVIDIA,Dedicated,802.11ax,,,2,8 Hours
https://www.amazon.com//HP-Notebook-Display-3-3250U-Processor/dp/B09WX9TDM1/ref=sr_1_3?keywords=laptop&qid=1653585547&sr=8-3,14 Inches,,1920 x 1080 Pixels,2.6 GHz ryzen_3_3250u,16 GB DDR4,3.5 GHz,512 GB SSD,AMD Radeon Graphics,AMD,,"Bluetooth, 802.11a",,,,
https://www.amazon.com//ASUS-i9-11900H-ScreenPad-Celestial-UX582HS-XH99T/dp/B09LYK1WWG/ref=sr_1_4?keywords=laptop&qid=1653585547&sr=8-4,15.6 Inches,3840 x 2160 pixels,3840 x 2160 Pixels,4.9 GHz intel_core_i9,32 GB DDR4,,1 TB SSD,NVIDIA GeForce RTX 3080,NVIDIA,RTX 3080,"Bluetooth, 802.11ax",32 GB,,1,
https://www.amazon.com//HP-Touchscreen-Portable-Microsoft-14-dq0070nr/dp/B0949SGBF8/ref=sr_1_5?keywords=laptop&qid=1653585547&sr=8-5,14 Inches,1366 x 768 pixels,1366 x 768 Pixels,2.8 GHz celeron_n4020,4 GB DDR4,,eMMC,,Intel,Integrated,"802.11a/b/g/n/ac, Bluetooth",,,,10 Hours
https://www.amazon.com//Dell-Inspiron-i7-11390H-Thunderbolt4-0-Fingerprint/dp/B09SLLC612/ref=sr_1_6?keywords=laptop&qid=1653585547&sr=8-6,15.6 Inches,1920x1080,1920 x 1080 Pixels,2.9 GHz core_i7_family,32 GB DDR4,,1 TB SSD,NVIDIA GeForce MX450,NVIDIA,Dedicated,802.11ax,2 GB,,3,
https://www.amazon.com//Lenovo-Display-Processor-Storage-82JW00BDUS/dp/B09BDGD2TZ/ref=sr_1_7?keywords=laptop&qid=1653585547&sr=8-7,15.6,1920 x 1080,1920 x 1080,3.2 ryzen_7,16 GB DDR4,,512 GB SSD,‎NVIDIA GeForce RTX 3050 Ti,NVIDIA,Dedicated,802.11ax,,,4,
https://www.amazon.com//ASUS-Display-GeForce-Keyboard-G533ZX-XS96/dp/B09RN27LHT/ref=sr_1_8?keywords=laptop&qid=1653585547&sr=8-8,15.6 Inches,2560 x 1440 pixels,2560 x 1440 Pixels,5 GHz intel_core_i9,32 GB DDR5,4800 MHz,1 TB SSD,NVIDIA GeForce RTX 3080 Ti,NVIDIA,RTX 3080 Ti,"Bluetooth, 802.11ax",16 GB,,3,
https://www.amazon.com//MSI-GL66-Gaming-Laptop-i7-11800H/dp/B09127DDVT/ref=sr_1_9?keywords=laptop&qid=1653585547&sr=8-9,15.6 Inches,1920 x 1080 pixels,1920 x 1080 Pixels,2.4 GHz core_i7,16 GB DDR4,3200 MHz,512 GB SSD,NVIDIA GeForce RTX 3070,NVIDIA,Dedicated,Bluetooth,8 GB,,3,
https://www.amazon.com//Samsung-Electronics-Platform-Processor-Long-Lasting/dp/B09D8SGXB6/ref=sr_1_10?keywords=laptop&qid=1653585547&sr=8-10,15.6 Inches,,1920 x 1080 Pixels,2.8 GHz intel_core_i7_1165g7,16 GB LPDDR4,,512 GB SSD,,Intel,Integrated,"Bluetooth, 802.11ax",,3,,10 Hours
https://www.amazon.com//MSI-Stealth-15M-Gaming-Laptop/dp/B091GGZT1S/ref=sr_1_11?keywords=laptop&qid=1653585547&sr=8-11,15.6 Inches,1920 x 1080 pixels,1920 x 1080 Pixels,3.3 GHz core_i7,16 GB DDR4,3200 MHz,512 GB SSD,NVIDIA GeForce RTX 3060,NVIDIA,Dedicated,Bluetooth,6 GB,,2,
https://www.amazon.com//ASUS-i7-1165G7-Fingerprint-Transparent-K712EA-DS76/dp/B094K27CSY/ref=sr_1_12?keywords=laptop&qid=1653585547&sr=8-12,17.3 Inches,1920 x 1080 pixels,1920 x 1080 Pixels,4.7 GHz apple_ci7,16 GB DDR4,,1 TB SSD,Intel Iris Xe Graphics,Intel,Iris® Xe,"Bluetooth, 802.11ax",16 GB,2,2,
https://www.amazon.com//Acer-AN517-54-79L1-i7-11800H-GeForce-Display/dp/B09HJKGK5V/ref=sr_1_13?keywords=laptop&qid=1653585547&sr=8-13,17.3 Inches,1920 x 1080,1920 x 1080,4.6 GHz core_i7,16 GB DDR4,4.6 GHz,1000 GB SSD,,NVIDIA,Dedicated,"Bluetooth, 802.11ax",4 GB,,4,8 Hours
https://www.amazon.com//HP-Storage-Touchscreen-Microsoft-14-fq0050nr/dp/B08CM6Q55C/ref=sr_1_14?keywords=laptop&qid=1653585547&sr=8-14,14 Inches,1366 x 768 pixels,1366 x 768 Pixels,2.6 GHz amd_e_series,4 GB DDR4,2400 MHz,64 GB Embedded MultiMediaCard,AMD Radeon,AMD,Integrated,"Bluetooth, 802.11a/b/g/n/ac",,,,9 Hours
https://www.amazon.com//Acer-A517-52-75N6-i7-1165G7-Graphics-Fingerprint/dp/B09JHGHF7Y/ref=sr_1_15?keywords=laptop&qid=1653585547&sr=8-15,17.3 Inches,,1920 x 1080,4.7 GHz apple_ci7,16 GB DDR4,2.8 GHz,SSD,,Intel,Integrated,Bluetooth,,1,3,8 Hours
https://www.amazon.com//HP-Storage-Touchscreen-Microsoft-14-fq0040nr/dp/B08CM17RPZ/ref=sr_1_16?keywords=laptop&qid=1653585547&sr=8-16,14 Inches,1366 x 768 pixels,1366 x 768 Pixels,2.6 GHz amd_e_series,4 GB DDR4,2400 MHz,64 GB Embedded MultiMediaCard,AMD Radeon,AMD,Integrated,"Bluetooth, 802.11a/b/g/n/ac",,,,9 Hours
https://www.amazon.com//MSI-i7-11800H-GeForce-RTX3060-Thunberbolt4/dp/B09Y8QN96Z/ref=sr_1_10?keywords=laptop&qid=1653585551&sr=8-10,17.3 Inches,1920x1080,1920x1080 Pixels,2.3 GHz core_i7_family,64 GB DDR4,3200 MHz,2 TB SSD,Nvidia GeForce RTX 3060 6GB,NVIDIA,Dedicated,802.11ax,6 GB,,6,6 Hours
https://www.amazon.com//LG-Gram-16T90P-Lightweight-Thunderbolt/dp/B08SZ95TK4/ref=sr_1_12?keywords=laptop&qid=1653585551&sr=8-12,16 Inches,2560 x 1600 pixels,2560 x 1600 Pixels,4.7 GHz core_i7_family,2 TB LPDDR4,4266 MHz,2 TB ssd,,Intel,Integrated,802.11ax,,,3,21 Hours
https://www.amazon.com//Samsung-2-1-Touch-Screen-Chromebook/dp/B07F1BNSGB/ref=sr_1_17?keywords=laptop&qid=1653585561&sr=8-17,12.2 Inches,1920x1080,,8032,4 GB,,emmc,Intel HD Graphics 615,Intel,Integrated,802.11g,,,,
https://www.amazon.com//HP-Chromebook-14-Inch-Celeron-14a-na0020nr/dp/B08529BZSQ/ref=sr_1_18?keywords=laptop&qid=1653585561&sr=8-18,14 Inches,1366 x 768,1366 x 768 Pixels,1.1 GHz celeron_n,4 GB LPDDR4,2.6 GHz,32 GB Embedded MultiMediaCard,Intel UHD Graphics 600,Intel,Integrated,,,,,13.5 Hours
https://www.amazon.com//Lenovo-IdeaPad-Lightweight-Pentium-Windows/dp/B09P19C9Z5/ref=sr_1_19?keywords=laptop&qid=1653585561&sr=8-19,15.6,1920 x 1080,,3.4 ryzen_5_5600h,4 GB DDR4,,128 GB SSD,,AMD,Integrated,Bluetooth,,1,1,
https://www.amazon.com//Newest-HP-Laptop-1005G1-Windows/dp/B08SW8DKR7/ref=sr_1_21?keywords=laptop&qid=1653585561&sr=8-21,17.3 Inches,,,1.1 core_i3,8 GB DDR4,,HDD,,Intel,Integrated,"Bluetooth, 802.11a",,,,
https://www.amazon.com//MSI-Stealth-i9-11900H-Octa-Core-Processor/dp/B09VV8RV8S/ref=sr_1_22?keywords=laptop&qid=1653585561&sr=8-22,15.6 Inches,,2560 x 1440 Pixels,2.5 GHz intel_core_i9,DDR4,2.5 GHz,1 TB SSD,NVIDIA GeForce RTX 3070,NVIDIA,Dedicated,Bluetooth,,,,
https://www.amazon.com//Lenovo-IdeaPad-Processor-Graphics-81VU0079US/dp/B08YKHYCPW/ref=sr_1_23?keywords=laptop&qid=1653585561&sr=8-23,14,1920 x 1080 pixels,1366 x 768 Pixels,1.1 celeron_n4020,4 DDR4,,eMMC Storage,Integrated AMD Radeon R5 Graphics,Intel,Integrated,802.11ac,,,2,12 Hours
https://www.amazon.com//Dell-Chromebook-3120-Celeron-Storage/dp/B07V1W1T8S/ref=sr_1_24?keywords=laptop&qid=1653585561&sr=8-24,11.6 Inches,,1366 x 768 Pixels,1.4 GHz Celeron_2955U,4 GB DDR3,,16 GB Flash Memory Solid State,Intel HD Graphic,Intel,Integrated,Bluetooth,,1,,10 Hours
https://www.amazon.com//HP-14-inch-Celeron-Personal-14-cb185nr/dp/B084SKWC89/ref=sr_1_25?keywords=laptop&qid=1653585561&sr=8-25,14 Inches,,1366 x 768 Pixels,1.1 GHz celeron_n,4 GB SDRAM,2.6 GHz,64 GB Embedded MultiMediaCard,,Intel,Integrated,"802.11a/b/g/n/ac, Bluetooth",,1,2,10 Hours
https://www.amazon.com//Lenovo-IdeaPad-Processor-Graphics-81W0003QUS/dp/B0862269YP/ref=sr_1_26?keywords=laptop&qid=1653585561&sr=8-26,14 Inches,1920 x 1080,1920 x 1080 Pixels,2.1 GHz ryzen_5_3500u,8 GB DDR4,2400 MHz,256 GB Flash Memory Solid State,AMD Integrated Graphics,AMD,Integrated,802.11ac,,1,2,
https://www.amazon.com//Lenovo-Chromebook-Convertible-11-6-Inch-81HY0000US/dp/B07GM2J11Q/ref=sr_1_27?keywords=laptop&qid=1653585561&sr=8-27,11.6 Inches,1366x768,1366X768 Pixels,2.1 GHz mediatek_mt8127,4 GB LPDDR3,1600 MHz,64 GB Flash Memory Solid State,PowerVR SGX543,Intel,Integrated,802.11ac,,,1,10 Hours
https://www.amazon.com//Lenovo-T15g-Workstation-i9-10885H-Thunderbolt/dp/B09B28TV4Q/ref=sr_1_28?keywords=laptop&qid=1653585561&sr=8-28,15.6 Inches,1920 x 1080 pixels,1920 x 1080 Pixels,2.4 GHz intel_xeon,64 GB DDR4,2933 MHz,1 TB SSD,NVIDIA GeForce RTX 2080 Super with Max-Q 8GB,NVIDIA,Dedicated,2.4 GHz Radio Frequency,,,,
https://www.amazon.com//Lenovo-Chromebook-MediaTek-Processor-81JW0000US/dp/B07GLV1VC7/ref=sr_1_29?keywords=laptop&qid=1653585561&sr=8-29,14 Inches,,1920X1080 Pixels,2.1 GHz mtk_8121,4 GB LPDDR3,1866 MHz,64 GB Flash Memory Solid State,,Intel,Integrated,802.11ac,2 MB,,1,10 Hours
https://www.amazon.com//HP-Display-i5-1135G7-i7-8500-Bluetooth/dp/B09L2DPHRV/ref=sr_1_30?keywords=laptop&qid=1653585561&sr=8-30,17.3 Inches,1920x1080,1920 x 1080 Pixels,4.2 GHz apple_ci5,8 GB DDR4,3.6 GHz,512 GB SSD,Intel Iris Xe Graphics,Intel,Integrated,Bluetooth,,,3,6 Hours
https://www.amazon.com//Lenovo-IdeaPad-i5-1035G1-15-6-inch-Screen/dp/B08NXSJVCR/ref=sr_1_31?keywords=laptop&qid=1653585561&sr=8-31,15.6 Inches,1366x768,1366 x 768 Pixels,1 GHz core_i5_1035g1,12 GB DDR4,3.9 GHz,256 GB SSD,Intel UHD Graphics,Intel,Dedicated,802.11a,,1,1,8 Hours
https://www.amazon.com//HP-Display-i3-1115G4-Windows-Bluetooth/dp/B09LJPW1SQ/ref=sr_1_32?keywords=laptop&qid=1653585561&sr=8-32,17.3 Inches,1920x1080,1920 x 1080 Pixels,4.1 GHz core_i3_family,8 GB,4.1 GHz,256 GB SSD,Intel UHD Graphics,Intel,Integrated,Bluetooth,,,,8 Hours
https://www.amazon.com//Dell-Latitude-i7-8650U-Certified-Refurbished/dp/B07D5FRTLV/ref=sr_1_33?keywords=laptop&qid=1653585564&sr=8-33,14 Inches,1920x1080,1920 x 1080,1.9 GHz core_i7,16 GB DDR4,3.9 GHz,512 GB flash_memory_solid_state,,Intel,Intel Kabylake Graphics,Bluetooth,,,,
https://www.amazon.com//ASUS-VivoBook-i7-1165G7-Fingerprint-K513EQ-PB79/dp/B09F2VJGHJ/ref=sr_1_34?keywords=laptop&qid=1653585564&sr=8-34,15.6 Inches,1920 x 1080 pixels,1920 x 1080 Pixels,4.7 GHz apple_ci7,16 GB DDR4,3200 MHz,512 GB SSD,NVIDIA GeForce MX350,NVIDIA,GeForce MX350,"Bluetooth, 802.11ax",2 GB,2,2,
https://www.amazon.com//ASUS-Ultra-Slim-Thunderbolt-Noise-Cancellation-UX325EA-DH51/dp/B09LXHXPNV/ref=sr_1_35?keywords=laptop&qid=1653585564&sr=8-35,13.3 Inches,2560 x 1080 pixels,1920 x 1080 Pixels,4.2 intel_core_i5_1135g7,8 GB DDR4,,256 GB SSD,,Intel,,Bluetooth,8 GB,,1,
https://www.amazon.com//MSI-Katana-GF66-Notebook-i5-11400H/dp/B09DRDJJC1/ref=sr_1_36?keywords=laptop&qid=1653585564&sr=8-36,15.6 Inches,,1920 x 1080 Pixels,4.5 GHz core_i5,8 GB DDR4,2.7 GHz,512 GB SSD,,NVIDIA,Dedicated,,,1,2,
https://www.amazon.com//LG-Gram-15Z90P-Ultra-Lightweight-Thunderbolt/dp/B0942BQLLY/ref=sr_1_37?keywords=laptop&qid=1653585564&sr=8-37,15.6 Inches,1920 x 1080 pixels,1920 x 1080 Pixels,4.2 GHz apple_ci5,9 GB LPDDR4,4266 MHz,512 GB SSD,,Intel,Integrated,802.11ax,,,1,19.5 Hours
https://www.amazon.com//ASUS-VivoBook-Display-N4020Processor-R565MA-RB05/dp/B09X9BP45X/ref=sr_1_38?keywords=laptop&qid=1653585564&sr=8-38,15.6,1366 X 768 pixels,,2.8 GHz celeron,4 GB DDR4,2.8 GHz,1 TB HDD,,Intel,Integrated,,,2,1,
https://www.amazon.com//ASUS-Display-i9-12900H-Keyboard-G733ZW-DS94/dp/B09TPV4R9P/ref=sr_1_39?keywords=laptop&qid=1653585564&sr=8-39,17.3 Inches,,1920 x 1080 Pixels,5 GHz core_i9,16 GB DDR5,,1 TB SSD,,NVIDIA,RTX 3070 Ti,Bluetooth,,,2,
https://www.amazon.com//ASUS-VivoBook-i5-1135G7-Processor-S533EA-DH51-RD/dp/B08KGYMZRJ/ref=sr_1_40?keywords=laptop&qid=1653585564&sr=8-40,15.6 Inches,1920 x 1080 pixels,1920 x 1080 Pixels,4.2 GHz apple_ci5,8 GB DDR4,2666 MHz,512 GB SSD,Intel Iris Xe Graphics,Intel,Integrated,"Bluetooth, 802.11ax",8 GB,2,2,
https://www.amazon.com//Asus-Zenbook-6-Cores-Graphics-Bluetooth/dp/B097QCJZGL/ref=sr_1_41?keywords=laptop&qid=1653585564&sr=8-41,14 Inches,1920x1080,1920 x 1080 Pixels,2.1 GHz ryzen_5,8 GB LPDDR4,,256 GB SSD,NVIDIA GeForce MX450,NVIDIA,Dedicated,802.11ax,,1,2,
https://www.amazon.com//GIGABYTE-U4-UD-i7-1195G7-UD-70US823SH/dp/B09KBJSSH7/ref=sr_1_42?keywords=laptop&qid=1653585564&sr=8-42,14,,1920 x 1080,5 GHz Intel_Mobile_CPU,16 GB DDR4,,512 GB SSD,,Intel,Integrated,Bluetooth,512 MB,,3,
https://www.amazon.com//Acer-SFX14-41G-R1S6-Creator-LPDDR4X-Backlit/dp/B093TK1PXF/ref=sr_1_43?keywords=laptop&qid=1653585564&sr=8-43,14 Inches,1920 x 1080,1920 x 1080 Pixels,1.9 GHz amd_ryzen_7,16 GB LPDDR4,,512 GB SSD,NVIDIA GeForce RTX 3050 Ti,NVIDIA,Dedicated,802.11ax,4 GB,,3,12 Hours
https://www.amazon.com//ASUS-Touchscreen-i5-1135G7-Processor-Fingerprint/dp/B09NQGCDWN/ref=sr_1_44?keywords=laptop&qid=1653585564&sr=8-44,15.6 Inches,,1920 x 1080 Pixels,2.4 GHz apple_ci5,20 GB DDR4,,512 GB SSD,Intel Iris Xe Graphics,Intel,,Bluetooth,,,,
https://www.amazon.com//Lenovo-IdeaPad-i5-1135G7-Touchscreen-Laptop/dp/B09KWGHCLK/ref=sr_1_45?keywords=laptop&qid=1653585564&sr=8-45,15.6,1920x1080,1920 x 1080 Pixels,2.4 GHz core_i5,12 GB DDR4,4.1 GHz,256 GB SSD,Intel Iris Xe Graphics,Intel,Integrated,801.11ac,,1,2,
https://www.amazon.com//Dell-Inspiron-15-6-inch-i5-1135G7-Laptop/dp/B095RZ62BX/ref=sr_1_46?keywords=laptop&qid=1653585564&sr=8-46,15.6 Inches,1920 x 1080,1920 x 1080 Pixels,9 GHz core_i5,12 GB DDR4,,256 GB SSD,Intel Iris Xe Graphics,Intel,,Bluetooth,,,,
https://www.amazon.com//Dell-Inspiron-15-Touchscreen-i7-1165G7/dp/B09MCX6ZYN/ref=sr_1_47?keywords=laptop&qid=1653585564&sr=8-47,15.6 Inches,1920x1080,1920 x 1080 Pixels,2.8 GHz apple_ci7,16 GB DDR4,2.8 GHz,1 TB SSD,‎‎Intel Iris Xe Graphics,Intel,,Bluetooth,,,,
https://www.amazon.com//ASUS-Ultra-Slim-Graphics-NumberPad-UM425QA-EH74/dp/B09LCGRL9V/ref=sr_1_48?keywords=laptop&qid=1653585564&sr=8-48,14 Inches,1920 x 1080 pixels,1920 x 1080 Pixels,4.4 GHz amd_ryzen_7_5800h,16 GB DDR4,,1 TB SSD,,AMD,,Infrared,,,3,
https://www.amazon.com//Lenovo-ThinkPad-i7-1165G7-Fingerprint-Professional/dp/B09WJK4998/ref=sr_1_49?keywords=laptop&qid=1653585567&sr=8-49,15.6 Inches,,1920 x 1080 Pixels,2.8 GHz apple_ci7,32 GB DDR4,2.8 GHz,1 TB SSD,Intel Iris Xe Graphics,Intel,,Bluetooth,,,,
https://www.amazon.com//Samsung-Chromebook-Plus-Camera-Chrome/dp/B07J1SY5QQ/ref=sr_1_50?keywords=laptop&qid=1653585567&sr=8-50,12.2 Inches,,1900*1200 Pixels,1.5 GHz celeron,4 GB LPDDR3,,32 GB flash memory solid state,Intel HD Graphics 615,Intel,Integrated,802.11ac,,1,1,
https://www.amazon.com//GIGABYTE-AERO-17-HDR-XD-73US524SP/dp/B093Z1PWCF/ref=sr_1_51?keywords=laptop&qid=1653585567&sr=8-51,17.3 Inches,,3840 x 2160,4.6 GHz Intel_Mobile_CPU,16 GB DDR4,4.6 GHz,1 TB SSD,NVIDIA GeForce RTX 3070,NVIDIA,Dedicated,,8 GB,,3,
https://www.amazon.com//ConceptD-CC314-72G-72SX-Convertible-i7-10750H-Validated/dp/B0891RM7DM/ref=sr_1_53?keywords=laptop&qid=1653585567&sr=8-53,14 Inches,,1920 x 1080 Pixels,5 GHz apple_ci7,16 GB DDR4,2.6 GHz,512 GB flash memory solid state,NVIDIA GeForce GTX 1650,NVIDIA,Dedicated,802.11ax,4 GB,,3,14 Hours
https://www.amazon.com//GIGABYTE-AORUS-17G-Anti-Glare-YD-73US345SH/dp/B0996812KP/ref=sr_1_54?keywords=laptop&qid=1653585567&sr=8-54,17.3 Inches,,1920 x 1080,4.6 GHz Intel_Mobile_CPU,32 GB DDR4,4.6 GHz,512 GB SSD,,NVIDIA,Dedicated,,8 GB,,3,
https://www.amazon.com//Alienware-3070-Gaming-Laptop-Full/dp/B08XDX7CW8/ref=sr_1_55?keywords=laptop&qid=1653585567&sr=8-55,15.6 Inches,1920 x 1080 pixels,1920 x 1080 Pixels,2.2 GHz core_i7,16 GB DDR4,2933 MHz,1 TB SSD,NVIDIA GeForce RTX 3070,NVIDIA,NVIDIA RTX3070,Bluetooth,8 GB,,3,
https://www.amazon.com//MSI-Raider-GE66-i9-12900HK-RTX3070TI/dp/B09RBB6JD6/ref=sr_1_56?keywords=laptop&qid=1653585567&sr=8-56,15.6 Inches,,2560x1440 Pixels,1.8 GHz core_i9,32 GB DDR5,4800 MHz,SSD,,NVIDIA,Dedicated,Bluetooth,8 GB,,4,
https://www.amazon.com//ROG-Zephyrus-G14-White-Tikbot-Accessories/dp/B098TC93DL/ref=sr_1_57?keywords=laptop&qid=1653585567&sr=8-57,14 Inches,,1920 x 1080 Pixels,3.1 GHz ryzen_9,16 GB DDR4,3200 MHz,1 TB SSD,NVIDIA GeForce RTX3060 Max-Q,NVIDIA,Dedicated,Bluetooth,,,,
https://www.amazon.com//MSI-Raider-GE66-i7-12700H-RTX3070TI/dp/B09RB9Z4Z2/ref=sr_1_60?keywords=laptop&qid=1653585567&sr=8-60,15.6 Inches,,2560x1440 Pixels,1.7 GHz core_i7,,4800 MHz,SSD,,NVIDIA,Dedicated,Bluetooth,8 GB,,4,
https://www.amazon.com//ASUS-Display-R9-5900HX-Keyboard-G513QR-ES96/dp/B08SJTW9LK/ref=sr_1_61?keywords=laptop&qid=1653585567&sr=8-61,15.6 Inches,1920 x 1080 pixels,1920 x 1080 Pixels,4.5 GHz ryzen_9,16 GB DDR4,3200 MHz,1 TB,NVIDIA GeForce RTX 3070,NVIDIA,GeForce RTX 3070,"Bluetooth, 802.11ax",8 GB,,4,
https://www.amazon.com//Lenovo-Touchscreen-i7-1165G7-Keyboard-Fingerprint/dp/B08W54YSPW/ref=sr_1_62?keywords=laptop&qid=1653585567&sr=8-62,15.6 Inches,1920 x 1080,1920 x 1080 Pixels,2.8 GHz core_i7,12 GB SDRAM,2.8 GHz,512 GB SSD,Intel Iris Xe Graphics,Intel,Integrated,Bluetooth,,,3,12 Hours
https://www.amazon.com//Acer-i7-1165G7-Graphics-Antimicrobial-SF514-55TA-74EC/dp/B08JQKMFFB/ref=sr_1_63?keywords=laptop&qid=1653585567&sr=8-63,14 Inches,,1920 x 1080 Pixels,4.7 GHz core_i7,16 GB LPDDR4,2.8 GHz,1 TB Flash Memory Solid State,Intel Iris Xe Graphics,Intel,Integrated,Bluetooth,,,3,15 Hours
https://www.amazon.com//Acer-Predator-i7-10750H-Dual-Channel-PH315-53-72XD/dp/B08842D7JS/ref=sr_1_64?keywords=laptop&qid=1653585567&sr=8-64,15.6 Inches,,1920 x 1080 Pixels,5 GHz corei7_10750h,16 GB DDR4,2933 MHz,512 GB Flash Memory Solid State,NVIDIA GeForce RTX 2060,NVIDIA,RTX 2060,802.11ax,6 GB,,3,6 Hours
https://www.amazon.com//Razer-Blade-Base-Gaming-Laptop/dp/B08LZYN1ZF/ref=sr_1_65?keywords=laptop&qid=1653585570&sr=8-65,15.6 Inches,,1920 x 1080 Pixels,5 GHz corei7_10750h,16 GB DDR4,,256 GB SSD,NVIDIA GeForce GTX 1650 Ti,NVIDIA,Dedicated,802.11a/b/g/n/ac,,,3,
https://www.amazon.com//Microsoft-Surface-Laptop-13-5-Touch-Screen/dp/B08YX6976Q/ref=sr_1_66?keywords=laptop&qid=1653585570&sr=8-66,13.5 Inches,2256 x 1504,2256 x 1504 Pixels,1.5 GHz apple_ci5,8 GB LPDDR4,,512 GB SSD,Iris™ Plus graphics 950,Intel,Integrated,802.11ax,,,2,11.5 Hours
https://www.amazon.com//ASUS-ZenBook-OLED-Space-Laptop/dp/B09TD1FTP7/ref=sr_1_67?keywords=laptop&qid=1653585570&sr=8-67,14 Inches,,2880 x 1800 Pixels,5 core_i9,32 GB Lpddr 5,,SSD,,Intel,Integrated,Bluetooth,,,1,
https://www.amazon.com//Microsoft-Surface-Laptop-Touch-Screen/dp/B09MZQ7VJK/ref=sr_1_69?keywords=laptop&qid=1653585570&sr=8-69,15,,,1.8 apple_ci7,16 GB LPDDR4,,SSD,,Intel,Integrated,,,,2,
https://www.amazon.com//ASUS-VivoBook-Display-Fingerprint-TM420UA-DS71T/dp/B091XRXRNP/ref=sr_1_70?keywords=laptop&qid=1653585570&sr=8-70,14 Inches,,1920X1200 Pixels,2 GHz ryzen_7,8 GB DDR4,,512 GB SSD,AMD Radeon™ Graphics,AMD,Integrated,802.11ac,,1,1,
https://www.amazon.com//VivoBook-R565EA-UH51T-Touchscreen-Laptop-i5-1135G7/dp/B09NCMBXWJ/ref=sr_1_71?keywords=laptop&qid=1653585570&sr=8-71,15.6 Inches,,1920 x 1080 Pixels,2.4 GHz core_i5,8 GB DDR4,3200 MHz,256 GB SSD,Intel Iris Xe Graphics,,Dedicated,2.4 GHz Radio Frequency,,,,8 Hours
https://www.amazon.com//ASUS-ZenBook-Display-GeForce-UM535QE-XH91T/dp/B09LYJZ8YC/ref=sr_1_72?keywords=laptop&qid=1653585570&sr=8-72,15.6 Inches,2560 x 1080 pixels,1920 x 1080 Pixels,4.6 GHz ryzen_9_5900x,16 GB DDR4,,1 TB,NVIDIA GeForce RTX 3050 Ti,NVIDIA,RTX 3050 Ti,"Bluetooth, 802.11ac",,,2,
https://www.amazon.com//Toughbook-CF-19-MK8-Touchscreen-Convertible/dp/B09NL4MLPC/ref=sr_1_73?keywords=laptop&qid=1653585570&sr=8-73,10.1 Inches,1024×768,1024 x 768 Pixels,2.7 GHz apple_ci5,8 GB DDR3,2.7 GHz,256 GB ssd,Intel® HD Graphics 4000,Intel,Integrated,Bluetooth,,3,,
https://www.amazon.com//MSI-Prestige-Evo-Professional-Laptop/dp/B09FNTLZYJ/ref=sr_1_74?keywords=laptop&qid=1653585570&sr=8-74,14 Inches,,1920 x 1080 Pixels,core_i5_family,16 GB LPDDR4X,4267 MHz,512 GB SSD,,Intel,Integrated,"Bluetooth, 802.11ax",,1,,
https://www.amazon.com//Dell-Touchscreen-Screen-Laptop-13-4/dp/B08XFVYWD1/ref=sr_1_75?keywords=laptop&qid=1653585570&sr=8-75,13.4 Inches,3456 x 2160,3456 x 2160 Pixels,3 GHz core_i7,32 GB DDR4,4267 MHz,2 TB 2TB SSD,Intel Iris Xe Graphics,Intel,Intel Iris Xe Graphics,Bluetooth,,,,
https://www.amazon.com//MSI-Crosshair17-i7-11800H-RTX3060-512GBNVMe/dp/B095BV649X/ref=sr_1_77?keywords=laptop&qid=1653585570&sr=8-77,17.3 Inches,1920 x 1080,1920 x 1080 Pixels,2.4 GHz core_i7_family,16 GB DDR4,3200 MHz,512 GB SSD,,NVIDIA,Dedicated,Bluetooth,6 GB,1,3,
https://www.amazon.com//Dell-Inspiron-5515-Touchscreen-Laptop/dp/B09FN9QZS7/ref=sr_1_78?keywords=laptop&qid=1653585570&sr=8-78,15.6 Inches,1920 x 1080 pixels,1920 x 1080 Pixels,4.3 GHz ryzen_7_5700u,16 GB DDR4,3200 MHz,512 GB SSD,AMD Radeon™ Graphics,AMD,Windows 11,Bluetooth,,,3,
https://www.amazon.com//Dell-Latitude-Rugged-14-Professional/dp/B07D93QK45/ref=sr_1_79?keywords=laptop&qid=1653585570&sr=8-79,14 Inches,1920 x 1080,,core_i5,8 GB DDR4,2133 MHz,512 GB flash_memory_solid_state,Intel HD,Intel,Integrated,802.11ac,,,,
https://www.amazon.com//SAMSUNG-Platform-Computer-Processor-Long-Lasting/dp/B091WR26F4/ref=sr_1_80?keywords=laptop&qid=1653585570&sr=8-80,15.6 Inches,,1920 x 1080 Pixels,2.4 GHz core_i5,8 GB LPDDR4X,,512 GB SSD,,Intel,Integrated,"Bluetooth, 802.11ax",,,1,20 Hours
https://www.amazon.com//HP-Notebook-Touchscreen-Processor-Bluetooth/dp/B09XBYCRC8/ref=sr_1_81?keywords=laptop&qid=1653585574&sr=8-81,15.6 Inches,,1366 x 768 Pixels,2.6 GHz ryzen_3_3250u,8 GB DDR4,3.5 GHz,256 GB SSD,AMD Radeon Graphics,AMD,,"Bluetooth, 802.11a",,,,
https://www.amazon.com//SAMSUNG-Computer-Processor-Certified-Lightweight/dp/B09R94XYBS/ref=sr_1_83?keywords=laptop&qid=1653585574&sr=8-83,15.6 Inches,,1920 x 1080 Pixels,2.1 GHz apple_ci7,16 GB Lpddr 5,,SSD,,Intel,Integrated,Bluetooth,,,,
https://www.amazon.com//Acer-AN515-58-725A-i7-12700H-GeForce-Keyboard/dp/B09TWYSVPM/ref=sr_1_84?keywords=laptop&qid=1653585574&sr=8-84,15.6 Inches,,1920 x 1080,4.7 GHz core_i7,16 GB DDR4,,SSD,,NVIDIA,Dedicated,"Bluetooth, 802.11ax",6 GB,,3,
https://www.amazon.com//HP-Non-Touch-i7-1165G7-Quad-Core-Processor/dp/B09X619XMG/ref=sr_1_85?keywords=laptop&qid=1653585574&sr=8-85,17.3 Inches,,1600 x 900 Pixels,2.8 GHz apple_ci7,64 GB DDR4,2.8 GHz,1 TB SSD,Intel Iris Xe Graphics,Intel,,Bluetooth,,,,
https://www.amazon.com//Lenovo-IdeaPad-14ITL05-82FE00MEUS-Notebook/dp/B09BMHSMBF/ref=sr_1_86?keywords=laptop&qid=1653585574&sr=8-86,14 Inches,1920 x 1080 pixels,1920 x 1080 Pixels,2.4 GHz core_i5_family,,3200 MHz,512 GB Flash Memory Solid State,Intel Iris Xe Graphics,Intel,Iris Xe Graphics,"Bluetooth, 802.11ax",,1,1,11 Hours
https://www.amazon.com//ASUS-GeForce-RTX3050TI-Backlit-Windows/dp/B0B1TFRSP7/ref=sr_1_87?keywords=laptop&qid=1653585574&sr=8-87,15.6 Inches,1920x1080,1920x1080 Pixels,3.3 GHz ryzen_9,32 GB DDR4,3200 MHz,2 TB SSD,NVIDIA GeForce RTX 3050 Ti,NVIDIA,Dedicated,Bluetooth,4 GB,,4,6 Hours
https://www.amazon.com//Acer-i7-1165G7-Graphics-Fingerprint-SF313-53-78UG/dp/B08P5724PZ/ref=sr_1_88?keywords=laptop&qid=1653585574&sr=8-88,13.5 Inches,,1280 x 720 Pixels,4.7 GHz core_i7,8 GB LPDDR4,2.8 GHz,512 GB SSD,Intel Iris Xe Graphics,Intel,Integrated,802.11ac,,,3,14 Hours
https://www.amazon.com//ASUS-IPS-Type-i7-11800H-Processor-TUF706HEB-DB74/dp/B09F8QGTN7/ref=sr_1_89?keywords=laptop&qid=1653585574&sr=8-89,17.3 Inches,1920 x 1080 pixels,1920 x 1080 Pixels,2.3 GHz apple_ci7,16 GB DDR4,3200 MHz,512 GB SSD,NVIDIA GeForce RTX 3050,NVIDIA,GeForce RTX 3050 Ti,"Bluetooth, 802.11ax",,,3,
https://www.amazon.com//MSI-Summit-Flip-Professional-Laptop/dp/B08VJL564K/ref=sr_1_90?keywords=laptop&qid=1653585574&sr=8-90,13.4 Inches,,,1.2 GHz core_i7_family,32 GB LPDDR4X,4267 MHz,1 TB SSD,Intel Iris Xe Graphics,Intel,Integrated,Bluetooth,,,1,
https://www.amazon.com//Dell-G15-GeForce-HDMI2-1-Keyboard/dp/B0B1C1RD3S/ref=sr_1_91?keywords=laptop&qid=1653585574&sr=8-91,15.6 Inches,1920x1080,1920x1080 Pixels,3.2 GHz ryzen_7,32 GB DDR4,3200 MHz,1 TB SSD,NVIDIA GeForce RTX 3050 Ti,NVIDIA,Dedicated,802.11ax,4 GB,2,2,6 Hours
https://www.amazon.com//Dell-Latitude-3520-Touch-Laptop/dp/B094YZ24KG/ref=sr_1_92?keywords=laptop&qid=1653585574&sr=8-92,15.6 Inches,,1920 x 1080,2.4 GHz core_i5_family,,3200 MHz,SSD,,Intel,Integrated,Bluetooth,,2,,10 Hours
https://www.amazon.com//Intel-Celeron-N4020-14-Inch-Laptop/dp/B09YRY6QCX/ref=sr_1_93?keywords=laptop&qid=1653585574&sr=8-93,14 Inches,,1366 x 768 Pixels,9 GHz celeron,4 GB SDRAM,2.8 GHz,64 GB emmc,,Intel,,,,,,
https://www.amazon.com//ASUS-VivoBook-OLED-Laptop-WQUXGA/dp/B09NMS7S1K/ref=sr_1_94?keywords=laptop&qid=1653585574&sr=8-94,16 Inches,3840 x 2400 pixels,3840 x 2400 Pixels,4.6 GHz ryzen_9,32 GB DDR4,4.6 GHz,1 TB SSD,NVIDIA GeForce RTX,NVIDIA,RTX 3050Ti,"Bluetooth, 802.11ax",32 GB,2,2,
https://www.amazon.com//Microsoft-Surface-Laptop-13-5-Touch-Screen/dp/B08YX4NVCK/ref=sr_1_95?keywords=laptop&qid=1653585574&sr=8-95,13.5 Inches,2256 x 1504,2256 x 1504 Pixels,1.5 GHz apple_ci5,8 GB LPDDR4,,512 GB SSD,Iris™ Plus graphics 950,Intel,Integrated,802.11ax,,,2,11.5 Hours
https://www.amazon.com//HP-i7-1165G7-Processor-Micro-Edge-15-eg0025nr/dp/B09FX1YF28/ref=sr_1_96?keywords=laptop&qid=1653585574&sr=8-96,15.6 Inches,1920 x 1080,1920 x 1080 Pixels,4.7 GHz intel_core_i7_1165g7,16 GB DDR4,,512 GB SSD,Intel Iris Xe Graphics,Intel Iris Xe Graphics,Integrated,"Bluetooth, 802.11ax",16 GB,,3,8 Hours
https://www.amazon.com//Dell-Inspiron-3583-Laptop-Celeron/dp/B08HSNRFTX/ref=sr_1_97?keywords=laptop&qid=1653585578&sr=8-97,15.6 Inches,,,1.6 GHz celeron,4 GB DDR4,1.6 GHz,500 GB mechanical_hard_drive,Intel HD Graphics 610,Intel,,Bluetooth,,,,
https://www.amazon.com//LG-Laptop-Ultra-Lightweight-Ultra-Portable-Battery/dp/B08YDLCXR4/ref=sr_1_98?keywords=laptop&qid=1653585578&sr=8-98,17 Inches,2560 x 1600 pixels,2560 x 1600 Pixels,4.7 GHz core_i7,16 GB LPDDR4,4266 MHz,2 TB SSD,,Intel,Integrated,802.11ax,,,1,19.5 Hours
https://www.amazon.com//MSI-GF63-Thin-10SCXR-222-i5-10300H/dp/B08YRZ2LLJ/ref=sr_1_99?keywords=laptop&qid=1653585578&sr=8-99,15.6 Inches,1920 x 1080,1920x1080 Pixels,2.5 GHz,8 GB DDR4,2.5 GHz,256 GB SSD,NVIDIA GeForce GTX 1650,NVIDIA,Dedicated,"Bluetooth, 802.11abg",,,3,7 Hours
https://www.amazon.com//ASUS-VivoBook-Display-GeForce-M3500QC-DS71/dp/B09MMX24B8/ref=sr_1_100?keywords=laptop&qid=1653585578&sr=8-100,15.6 Inches,1920 x 1200 pixels,1920 x 1080 Pixels,4.4 GHz ryzen_7_5800h,16 GB DDR4,,512 GB SSD,,NVIDIA,GeForce RTX 3050,,,2,2,
https://www.amazon.com//Lenovo-IdeaPad-Laptop-i5-1035G1-Platinum/dp/B08W4PJC8J/ref=sr_1_101?keywords=laptop&qid=1653585578&sr=8-101,14 Inches,,1920 x 1080 Pixels,3.6 GHz core_i5_1035g1,8 GB LPDDR4,2666 MHz,512 GB SSD,Intel UHD Graphics,Intel,Integrated,Bluetooth,,1,1,
https://www.amazon.com//Lenovo-IdeaPad-i5-1135G7-Graphics-Fingerprint/dp/B09TB1KX4S/ref=sr_1_102?keywords=laptop&qid=1653585578&sr=8-102,14 Inches,1920x1080,1920 x 1080 Pixels,2.4 GHz core_i5_family,16 GB DDR4,3200 MHz,512 GB SSD,Intel Iris Xe Graphics,Intel,Integrated,802.11ax,,,3,12 Hours
https://www.amazon.com//ASUS-Zephyrus-i7-10875H-Thunderbolt-GX502LXS-XS79/dp/B0876MBLTN/ref=sr_1_103?keywords=laptop&qid=1653585578&sr=8-103,15.6 Inches,1920 x 1080 pixels,1920 x 1080 Pixels,5.1 GHz apple_ci7,32 GB DDR4,3200 MHz,Flash Memory Solid State,NVIDIA GeForce RTX 2080,NVIDIA,RTX 2080 Super,"Bluetooth, 802.11ax",8 GB,,4,
https://www.amazon.com//Dell-Precision-Workstation-Business-E3-1535M/dp/B07ND4G5XK/ref=sr_1_105?keywords=laptop&qid=1653585578&sr=8-105,15.6 Inches,3840x2160,,2.9 GHz intel_xeon,16 GB DDR4,2133,512 GB flash_memory_solid_state,NVIDIA,NVIDIA,NVIDIA Quadro M1000M 2GB GDDR5,"802.11abg, 802.11ag, 802.11bgn",4 GB,,,
https://www.amazon.com//MSI-GS75-Stealth-10SE-620-i7-10875H/dp/B08965WD75/ref=sr_1_106?keywords=laptop&qid=1653585578&sr=8-106,17.3 Inches,1920 x 1080 pixels,1920 x 1080 Pixels,2.3 GHz core_i7,16 GB DDR4,3200 MHz,512 GB Flash Memory Solid State,NVIDIA GeForce RTX 2060,NVIDIA,Dedicated,,6 GB,,3,
https://www.amazon.com//Asus-X512DA-BTS2020RL-15-6-Full-Laptop/dp/B08G8SJZ2R/ref=sr_1_107?keywords=laptop&qid=1653585578&sr=8-107,15.6 Inches,,1920 x 1080 Pixels,2.1 GHz amd_ryzen_5_1400,8 GB DDR,,512 GB ssd,AMD Radeon Vega 8,AMD,Dedicated,802.11ac,,,,5 Hours
https://www.amazon.com//Evoo-Processor-GeForce-Keyboard-EG-LP7-BK/dp/B08KV8HP98/ref=sr_1_108?keywords=laptop&qid=1653585578&sr=8-108,15.6 Inches,,1920 x 1080,2.9 GHz ryzen_7_4800h,16 GB DDR4,,512 GB SSD,NVIDIA GeForce RTX 2060,NVIDIA,Integrated,,,1,2,
https://www.amazon.com//ASUS-Zephyrus-Gaming-GeForce-Moonlight/dp/B088PDB63Z/ref=sr_1_109?keywords=laptop&qid=1653585578&sr=8-109,14 Inches,,1920 x 1080 Lines Per Inch,2.3 GHz amd_r_series,16 GB,3200 MHz,1 TB SSD,NVIDIA GeForce RTX 2060,NVIDIA,Dedicated,,16,,,
https://www.amazon.com//HP-15-inch-Touchscreen-Windows-15-ef1020nr/dp/B084TRD5V1/ref=sr_1_110?keywords=laptop&qid=1653585578&sr=8-110,15.6 Inches,,1366 x 768 Pixels,2.6 GHz ryzen_3_3250u,8 GB SDRAM,2400 MHz,256 GB Flash Memory Solid State,AMD Radeon Graphics,AMD,Integrated,"Bluetooth, 802.11b/n/ac",,,2,9.25 Hours
https://www.amazon.com//Dell-Inspiron-i5-1135G7-Quad-Core-Processor/dp/B081FDK94Y/ref=sr_1_111?keywords=laptop&qid=1653585578&sr=8-111,15.6 Inches,,1920 x 1080 Pixels,1 GHz core_i5,16 GB DDR4,3.6 GHz,1 TB flash_memory_solid_state,Intel UHD Graphics,Intel,,Bluetooth,,,,10 Hours
https://www.amazon.com//MSI-GP76-Leopard-Gaming-Laptop/dp/B095C1YRWN/ref=sr_1_112?keywords=laptop&qid=1653585578&sr=8-112,17.3 Inches,1920 x 1080,1920 x 1080 Pixels,2.4 GHz core_i7,16 GB DDR4,3200 MHz,1 TB SSD,NVIDIA GeForce RTX 3070,Intel,Dedicated,Bluetooth,8 GB,,3,
https://www.amazon.com//Windows-HP-Display-Processor-Bluetooth/dp/B09M96J5SJ/ref=sr_1_114?keywords=laptop&qid=1653585581&sr=8-114,15.6 Inches,,1920 x 1080 Pixels,2.3 GHz athlon_silver_3050U,8 GB DDR4,3.2 GHz,256 GB SSD,AMD Radeon Graphics,AMD,Integrated,"Bluetooth, 802.11a",,,,10 Hours
https://www.amazon.com//ASUS-Zenbook-Ultra-Laptop-WQXGA/dp/B09V1S1M2Q/ref=sr_1_113?keywords=laptop&qid=1653585581&sr=8-113,14 Inches,,2880 x 1800,4.4 GHz ryzen_7,16 GB DDR4,,ssd,,AMD,Integrated,Bluetooth,,,2,
https://www.amazon.com//ASUS-VivoBook-i3-1005G1-Fingerprint-F512JA-AS34/dp/B08FQJ7JT2/ref=sr_1_115?keywords=laptop&qid=1653585581&sr=8-115,15.6 Inches,1920 x 1080 pixels,1920 x 1080 Pixels,3.4 GHz apple_ci3,8 GB DDR4,3.4 GHz,128 GB Flash Memory Solid State,Intel UHD Graphics,Intel,Integrated,802.11ac,8 GB,2,,
https://www.amazon.com//HP-i5-1135G7-17-3-inch-Bluetooth-Accessories/dp/B09LLTN3HV/ref=sr_1_118?keywords=laptop&qid=1653585581&sr=8-118,17.3 Inches,1920x1080,1920 x 1080 Pixels,4.2 GHz core_i5,8 GB DDR4,2666 MHz,512 GB SSD,Intel Iris Xᵉ Graphics Integrated,Intel,Integrated,802.11a/b/g/n/ac,,,,
https://www.amazon.com//MSI-GF65-Thin-i7-10750H-10SDR-1273/dp/B095XDX3D6/ref=sr_1_119?keywords=laptop&qid=1653585581&sr=8-119,15.6 Inches,1920 x 1080,1920 x 1080 Pixels,2.6 GHz core_i7_family,8 GB DDR4,2666 MHz,512 GB SSD,NVIDIA GeForce GTX 1660Ti,NVIDIA,Dedicated,Bluetooth,6 GB,,3,
https://www.amazon.com//HP-Pavilion-Gaming-Laptop-GeForce/dp/B08P6MRZBG/ref=sr_1_120?keywords=laptop&qid=1653585581&sr=8-120,15.6 Inches,,1920 x 1080 Pixels,3 GHz amd_r_series,8 GB,,256 GB SSD,NVIDIA GeForce GTX 1650,NVIDIA,Dedicated,802.11ac,,,,
https://www.amazon.com//Acer-A515-56-702V-i7-1165G7-Graphics-Fingerprint/dp/B09J5FQ4P5/ref=sr_1_122?keywords=laptop&qid=1653585581&sr=8-122,15.6 Inches,,1920 x 1080,4.7 GHz apple_ci7,16 GB DDR4,2.8 GHz,512 GB SSD,,Intel,Integrated,"Bluetooth, 802.11ax",,1,3,
https://www.amazon.com//ASUS-VivoBook-Display-i3-1115G4-F515EA-AH34/dp/B09LC9JWW8/ref=sr_1_125?keywords=laptop&qid=1653585581&sr=8-125,15.6 Inches,1920 x 1080 pixels,1920 x 1080 Pixels,4.1 GHz core_i3,8 GB DDR4,4.1 GHz,128 GB SSD,,Intel,Integrated,Bluetooth,,2,2,
https://www.amazon.com//Lenovo-Legion-pro-Display-GeForce/dp/B01L4I438G/ref=sr_1_126?keywords=laptop&qid=1653585581&sr=8-126,16 Inches,,2560x1600 Pixels,3.2 GHz amd_ryzen_7,32 GB DDR4,3.2 GHz,1 TB SSD,‎‎NVIDIA GeForce RTX 3060,NVIDIA,Dedicated,"Bluetooth, 802.11b",,,,4 Hours
https://www.amazon.com//HP-Laptop-i5-1135G7-Windows-Natural/dp/B0977R5GK6/ref=sr_1_127?keywords=laptop&qid=1653585581&sr=8-127,15.6 Inches,1920 x 1080,1920 x 1080 Pixels,4.2 GHz apple_ci5,8 GB,2666 MHz,256 GB SSD,Intel Iris Xe Graphics,Intel,Integrated,,,1,,
https://www.amazon.com//HP-Pavilion-Touchscreen-i7-1195G7-Bluetooth/dp/B09XBTGWFT/ref=sr_1_128?keywords=laptop&qid=1653585581&sr=8-128,15.6 Inches,,1920 x 1080 Pixels,2.9 GHz apple_ci7,16 GB DDR4,,1 TB SSD,GeForce MX350,NVIDIA,Dedicated,Bluetooth,,,,"7.0, 13.0 Hours"
https://www.amazon.com//ASUS-Display-R7-5800H-Keyboard-G513QE-ES76/dp/B093TZMNFR/ref=sr_1_129?keywords=laptop&qid=1653585584&sr=8-129,15.6 Inches,1920 x 1080 pixels,1920 x 1080 Pixels,4.4 GHz ryzen_7,16 GB DDR4,3200 MHz,1 TB,NVIDIA GeForce RTX 3050 Ti,NVIDIA,GeForce RTX 3050 Ti,"Bluetooth, 802.11ax",4 GB,,4,
https://www.amazon.com//HP-Pavilion-i3-1115G4-Processor-Anti-Glare/dp/B09SVRH1F6/ref=sr_1_132?keywords=laptop&qid=1653585584&sr=8-132,17.3 Inches,,1920 x 1080 Pixels,4.1 GHz core_i3,16 GB DDR4,4.1 GHz,512 GB SSD,Intel UHD Graphics,Intel,,"Bluetooth, 802.11a",,,,
https://www.amazon.com//HP-i5-1135G7-17-3-inch-Anti-Glare-17-cn0021nr/dp/B08ZK18TWF/ref=sr_1_134?keywords=laptop&qid=1653585584&sr=8-134,17.3 Inches,1600 x 900 pixels,1600 x 900 Pixels,4.2 GHz core_i5,8 GB DDR4,,256 GB SSD,Intel Iris Xe Graphics,Intel,Integrated,"Bluetooth, 802.11ax",,,,8 Hours
https://www.amazon.com//HP-Pavilion-Graphics-Micro-Edge-Anti-Glare/dp/B09FFVNJPF/ref=sr_1_135?keywords=laptop&qid=1653585584&sr=8-135,15.6 Inches,1920 x 1080,1920 x 1080 Pixels,3.2 GHz athlon,16 GB DDR4,3.2 GHz,512 GB SSD,AMD Radeon Graphics,AMD,,"Bluetooth, 802.11a/b/g/n/ac",,,,8 Hours
https://www.amazon.com//ASUS-Vivobook-15-6-Display-Laptop/dp/B09BCVB3TG/ref=sr_1_136?keywords=laptop&qid=1653585584&sr=8-136,15.6 Inches,1920x1080,1920x1080 Pixels,1.2 GHz core_i7_1065g7,20 GB SDRAM,1.3 GHz,SSD,Intel UHD Graphics,Intel,Integrated,802.11ac,,,,
https://www.amazon.com//Dell-G15-i7-11800H-GeForce-Keyboard/dp/B0B1C1VWTZ/ref=sr_1_137?keywords=laptop&qid=1653585584&sr=8-137,15.6 Inches,1920x1080,1920x1080 Pixels,2.3 GHz core_i7_family,16 GB DDR4,3200 MHz,1 TB SSD,NVIDIA GeForce RTX 3050,NVIDIA,Dedicated,802.11ax,4 GB,2,2,6 Hours
https://www.amazon.com//HP-Laptop-TOUCH-INDIGO-14-fq0040nr/dp/B08LLH5VQ5/ref=sr_1_138?keywords=laptop&qid=1653585584&sr=8-138,14 Inches,1366 x 768 pixels,1366 x 768 Pixels,2.6 GHz amd_e_series,4 GB DDR4,2400 MHz,64 GB SSD,AMD,AMD,Integrated,Bluetooth,,,,9 Hours
https://www.amazon.com//Microsoft-Surface-Laptop-Touchscreen-Sandstone/dp/B08GZLYB6Q/ref=sr_1_140?keywords=laptop&qid=1653585584&sr=8-140,12.4 Inches,1536 x 1024,1536 x 1024,3.6 GHz core_i5_1035g1,8 GB LPDDR4,,256 GB Flash Memory Solid State,Intel UHD Graphics,Intel,Integrated,,,,2,
https://www.amazon.com//ASUS-TUF-IPS-Type-i7-9750H-Processor/dp/B08SHN8MDY/ref=sr_1_143?keywords=laptop&qid=1653585584&sr=8-143,15.6 Inches,,1920x1080 Pixels,2.6 GHz core_i7,16 GB DDR4,4.5 GHz,1 TB SSD,RTX 3050,NVIDIA,Dedicated,802.11ac,,,,
https://www.amazon.com//HP-Chromebook-11-inch-Laptop-11a-na0010nr/dp/B08HJT1BKQ/ref=sr_1_145?keywords=laptop&qid=1653585587&sr=8-145,11.6 Inches,1366 x 768,1361 x 768 Pixels,2 GHz mediatek_mt8183,4 GB LPDDR4,,Embedded MultiMediaCard,MediaTek,MediaTek,Integrated,Bluetooth,,2,,15 Hours
https://www.amazon.com//2021-MSI-HD-Gaming-i5-10200H-PCI/dp/B096WH5MY9/ref=sr_1_146?keywords=laptop&qid=1653585587&sr=8-146,15.6 Inches,,1920 x 1080 Pixels,2.5 GHz corei5_10300h,8 GB DDR4,4.5 GHz,1 TB SSD,RTX 3050,NVIDIA,Dedicated,Bluetooth,,,,6 Hours
https://www.amazon.com//Dell-Latitude-3000-3420-Notebook/dp/B095KNYVJ9/ref=sr_1_147?keywords=laptop&qid=1653585587&sr=8-147,14 Inches,1920 x 1080 pixels,1920 x 1080 Pixels,2.8 GHz core_i7_family,8 GB DDR4,2.8 GHz,256 GB Flash Memory Solid State,Intel Iris Xe Graphics,Intel,Iris Xe Graphics,"Bluetooth, 802.11ax",,,,
https://www.amazon.com//HP-316H8UA-Notebook-Computer-i5-1135G7/dp/B09PQP34L8/ref=sr_1_149?keywords=laptop&qid=1653585587&sr=8-149,17.3 Inches,,1920 x 1080 Pixels,2.4 GHz core_i5,12 GB,,1 TB mechanical_hard_drive,,Intel,Integrated,"Bluetooth, 802.11a",,,,
https://www.amazon.com//Windows-HP-15-Display-Bluetooth/dp/B09LMT33DL/ref=sr_1_150?keywords=laptop&qid=1653585587&sr=8-150,15.6 Inches,,1366 x 768 Pixels,2.6 GHz ryzen_3_3250u,16 GB DDR4,3.5 GHz,512 GB SSD,AMD Radeon Graphics,AMD,,"Bluetooth, 802.11b",,,,
https://www.amazon.com//ASUS-Zephyrus-Gaming-GeForce-Moonlight/dp/B093TX6BLC/ref=sr_1_154?keywords=laptop&qid=1653585587&sr=8-154,14 Inches,,1920 x 1080 Pixels,4.8 GHz ryzen_9,16 GB DDR4,,1 TB SSD,NVIDIA GeForce RTX 3060,Asca,Dedicated,Bluetooth,6,,,
https://www.amazon.com//Microsoft-Surface-Laptop-13-5-Touch-Screen/dp/B09D62V4SN/ref=sr_1_155?keywords=laptop&qid=1653585587&sr=8-155,13.5 Inches,,,,16 GB,,,,,,,,,,
https://www.amazon.com//Dell-Inspiron-Business-i7-1165G7-Keyboard/dp/B08ND1FZ39/ref=sr_1_156?keywords=laptop&qid=1653585587&sr=8-156,15.6 Inches,1920x1080,1920 x 1080 Pixels,4.7 GHz core_i7_family,32 GB SDRAM,,1 TB SSD,Intel Iris Xe Graphics,Intel,,802.11ac,,,,
https://www.amazon.com//Lenovo-i7-1165G7-Processor-Graphics-82A6000BUS/dp/B08Z9T5HNM/ref=sr_1_158?keywords=laptop&qid=1653585587&sr=8-158,14 Inches,1920 x 1080 pixels,1920 x 1080 Pixels,2.8 GHz apple_ci7,8 GB DDR4,,512 GB SSD,,Intel,Integrated,"Bluetooth, 802.11ax",,,2,15 Hours
https://www.amazon.com//Dell-Inspiron-Touchscreen-i5-1135G7-Bluetooth/dp/B09RMTZG2Q/ref=sr_1_162?keywords=laptop&qid=1653585589&sr=8-162,15.6 Inches,1920x1080,1920 x 1080 Pixels,2.4 GHz core_i5_family,8 GB DDR4,3200 MHz,256 GB SSD,Intel Iris Xe Graphics,Intel,Integrated,802.11ac,,,3,
https://www.amazon.com//Newest-HP-Pavilion-Pentium-Windows/dp/B0894DBTRV/ref=sr_1_163?keywords=laptop&qid=1653585589&sr=8-163,15.6 Inches,1366x768,1266x768 Pixels,1.1 GHz pentium,4 GB SDRAM,2.7 GHz,128 GB SSD,Intel HD Graphics 620,Intel,Integrated,Bluetooth,,1,1,10 Hours
https://www.amazon.com//Dell-Inspiron-Touchscreen-Quad-Core-i7-1165G7/dp/B09WXYZSW6/ref=sr_1_165?keywords=laptop&qid=1653585589&sr=8-165,15.6 Inches,1920x1080,1920 x 1080 Pixels,2.8 GHz core_i7_family,16 GB DDR4,,1 TB SSD,Intel Iris Xe Graphics,Intel,Integrated,802.11a/g/n/ac,,1,2,
https://www.amazon.com//Hyundai-Laptop-Performance-Business-Student/dp/B095G15SBJ/ref=sr_1_166?keywords=laptop&qid=1653585589&sr=8-166,14.1 Inches,,1366 x 768 Pixels,1.1 GHz celeron_n4020,4 GB DDR4,,128 GB Solid State Drive,Intel UHD Graphics 600,Intel,Integrated,802.11bgn,,3,,
https://www.amazon.com//ASUS-VivoBook-i5-1135G7-Processor-S533EA-DH51-GN/dp/B08KH5HWG9/ref=sr_1_167?keywords=laptop&qid=1653585589&sr=8-167,15,1920 x 1080 pixels,1920 x 1080 Pixels,4.2 GHz apple_ci5,8 GB DDR4,2666 MHz,512 GB SSD,Intel Iris Xe Graphics,Intel,Integrated,"Bluetooth, 802.11ax",8 GB,2,2,
https://www.amazon.com//Dell-Inspiron-3511-Non-Touch-Laptop/dp/B09GYN91J9/ref=sr_1_169?keywords=laptop&qid=1653585589&sr=8-169,15.6 Inches,1920 x 1080 pixels,1920 x 1080 Pixels,4.1 GHz core_i3_family,8 GB DDR4,2666 MHz,256 GB SSD,Intel UHD Graphics,Intel,Intel UHD Graphics with shared graphics memory,Bluetooth,,1,2,
https://www.amazon.com//HP-15-Inch-i5-1035G1-Solid-State-15-dy1036nr/dp/B085B5SXLY/ref=sr_1_170?keywords=laptop&qid=1653585589&sr=8-170,15.6 Inches,,1920 x 1080 Pixels,3.6 GHz core_i5,8 GB SDRAM,3.6 GHz,256 GB Flash Memory Solid State,Intel UHD Graphics,Intel,Integrated,Bluetooth,,,3,10.25 Hours
https://www.amazon.com//HP-14-Performance-Wireless-AC-Bluetooth/dp/B087N5LKNL/ref=sr_1_172?keywords=laptop&qid=1653585589&sr=8-172,14 Inches,,,3.2 GHz athlon,4 GB DDR4,3.2 GHz,128 GB flash_memory_solid_state,,,,Bluetooth,,,,
https://www.amazon.com//Dell-Inspiron-Convertible-Display-i7-1165G7/dp/B09JQCK2R9/ref=sr_1_173?keywords=laptop&qid=1653585589&sr=8-173,17 Inches,,2736 x 1824 Pixels,2 GHz core_i7,32 GB DDR4,,512 GB SSD,Intel,Intel,Integrated,Bluetooth,,,,
https://www.amazon.com//Lenovo-Processor-Graphics-82HU00JWUS-Graphite/dp/B09BG96KFJ/ref=sr_1_174?keywords=laptop&qid=1653585589&sr=8-174,14 Inches,,1920 x 1080,2.1 GHz ryzen_5_5500u,16 GB DDR4,,512 GB,,AMD,Integrated,802.11ac,,,2,12 Hours
https://www.amazon.com//ASUS-VivoBook-Backlit-Keyboard-Bluetooth/dp/B07Y5PK8SC/ref=sr_1_175?keywords=laptop&qid=1653585589&sr=8-175,15.6 Inches,1920 x 1080,1920 x 1080,2.6 GHz ryzen_3_3200u,16 GB DDR4,3.5 GHz,256 GB SSD,AMD Radeon Vega 3,AMD,Integrated,802.11ac,,2,2,
https://www.amazon.com//ThinkPad-Titinium-Touchscreen-i7-1160G7-Fingerprint/dp/B09YHD3K1K/ref=sr_1_177?keywords=laptop&qid=1653585592&sr=8-177,13.5 Inches,2256x1504,3840 x 2160 Pixels,2.1 GHz core_i7_family,16 GB LPDDR4,,512 GB ssd,Intel UHD Graphics,Intel,Integrated,802.11ax,,,2,10 Hours
https://www.amazon.com//Dell-Inspiron-i7-11390H-Geforce-Thunderbolt4/dp/B09YTYXFNB/ref=sr_1_178?keywords=laptop&qid=1653585592&sr=8-178,15.6 Inches,1920x1080,1920 x 1080 Pixels,2.9 GHz core_i7_family,32 GB DDR4,,1 TB SSD,NVIDIA GeForce MX450,NVIDIA,Dedicated,802.11ax,2 GB,,3,
https://www.amazon.com//Acer-AN517-41-R3NX-Octa-Core-GeForce-Keyboard/dp/B093J9ZNJK/ref=sr_1_179?keywords=laptop&qid=1653585592&sr=8-179,17.3 Inches,,1920 x 1080 Pixels,4.4 GHz amd_ryzen_7,16 GB DDR4,3200 MHz,1 TB SSD,,NVIDIA,Dedicated,Bluetooth,,,4,9 Hours
https://www.amazon.com//Razer-Blade-Gaming-Laptop-2021/dp/B099774BJQ/ref=sr_1_180?keywords=laptop&qid=1653585592&sr=8-180,17 Inches,,2560 x 1440 Pixels,2.4 GHz apple_ci7,16 GB DDR4,,1 TB SSD,,NVIDIA,Integrated,,,,4,
https://www.amazon.com//Lenovo-Ideapad-i5-9300H-Processor-81LK00HDUS/dp/B07VC55LF5/ref=sr_1_181?keywords=laptop&qid=1653585592&sr=8-181,15.6 Inches,1600x1200 pixels,1920 x 1080 Pixels,2.4 GHz core_i5,8 GB DDR4,2400 MHz,512 GB Flash Memory Solid State,NVIDIA GeForce GTX 1650,NVIDIA,Dedicated,Bluetooth,4 GB,,2,9 Hours
https://www.amazon.com//2022-LENOVO-ThinkPad-Yoga-Laptop/dp/B09WKYT1N2/ref=sr_1_182?keywords=laptop&qid=1653585592&sr=8-182,14 Inches,1920x1080,1920 x 1080 Pixels,1.6 GHz core_i5_10210u,16 GB LPDDR3,1.6 GHz,1 TB ssd,Intel UHD Graphics,Intel,Integrated,802.11ax,,,3,
https://www.amazon.com//ASUS-Microsoft-15-Month-Subscription-Download/dp/B09Z7NPK6H/ref=sr_1_183?keywords=laptop&qid=1653585592&sr=8-183,15.6 Inches,,2560 x 1440 Pixels,5 GHz core_i9,,,,,NVIDIA,Dedicated,,,,,
https://www.amazon.com//Dell-G3-15-3500-i7-10750H/dp/B089HR6CQP/ref=sr_1_184?keywords=laptop&qid=1653585592&sr=8-184,15.6 Inches,1920 x 1080 pixels,1920 x 1080 Pixels,2.6 GHz corei7_10750h,16 GB DDR4,2933 MHz,512 GB SSD,NVIDIA GeForce RTX 2060,NVIDIA,NVIDIA GeForce RTX2060,Bluetooth,6 GB,2,2,
https://www.amazon.com//ASUS-i7-1165G7-Processor-Fingerprint-F515EA-DB75/dp/B09F2KLRJV/ref=sr_1_185?keywords=laptop&qid=1653585592&sr=8-185,15.6 Inches,1920 x 1080 pixels,1920 x 1080 Pixels,4.7 GHz intel_core_i7_1165g7,8 GB DDR4,3200 MHz,512 GB SSD,Intel Iris Xe Graphics,Intel,Integrated,"Bluetooth, 802.11ac",,2,2,
https://www.amazon.com//HP-Touchscreen-i7-1165G7-Graphics-Accessories/dp/B09W8CYJ2V/ref=sr_1_186?keywords=laptop&qid=1653585592&sr=8-186,17.3 Inches,1600x900,1600 x 900 Pixels,2.8 GHz core_i7_family,16 GB DDR4,,1 TB SSD,Intel Iris Xe Graphics,Intel,Integrated,802.11ax,,,3,8 Hours
https://www.amazon.com//ASUS-i3-1005G1-Processor-Fingerprint-F515JA-AH31/dp/B08H4YTTLP/ref=sr_1_189?keywords=laptop&qid=1653585592&sr=8-189,15.6 Inches,1920 x 1080,1920 x 1080 Pixels,3.4 GHz core_i3,4 GB DDR4,3.4 GHz,128 GB Flash Memory Solid State,Intel UHD Graphics,Intel,Integrated,"Bluetooth, 802.11ac",4 GB,2,2,
https://www.amazon.com//HP-Generation-i5-1135G7-Graphics-17-cn0025nr/dp/B09FXLRBFQ/ref=sr_1_191?keywords=laptop&qid=1653585592&sr=8-191,17.3 Inches,1600 x 900),1600 x 900 Pixels,4.2 GHz intel_core_i5_1135g7,8 GB DDR4,,256 GB SSD,Intel Iris Xe Graphics,Intel,Integrated,"Bluetooth, 802.11ax",8 GB,,3,8.15 Hours
https://www.amazon.com//Lenovo-IdeaPad-Display-Processor-82K20015US/dp/B08YKHGKTV/ref=sr_1_193?keywords=laptop&qid=1653585595&sr=8-193,15.6,1920x1080,1920 x 1080 Pixels,3.3 ryzen_5,8 DDR4,3200 MHz,SSD,NVIDIA GeForce GTX 1650,NVIDIA,Dedicated,802.11ac,,,2,8 Hours
https://www.amazon.com//2021-Dell-Inspiron-Laptop-i5-1035G1/dp/B09MC3WH8R/ref=sr_1_194?keywords=laptop&qid=1653585595&sr=8-194,15.6 Inches,1920x1080,1920 x 1080 Pixels,1 GHz core_i5_1035g1,8 GB DDR4,3.6 GHz,256 GB SSD,Intel UHD Graphics,Intel,Integrated,Bluetooth,,,,
https://www.amazon.com//HP-Touchscreen-Computer-Quard-Core-Bluetooth/dp/B08BMLZKL2/ref=sr_1_195?keywords=laptop&qid=1653585595&sr=8-195,15.6 Inches,,1366x768 Pixels,1 GHz core_i5_family,12 GB DDR4,3.6 GHz,256 GB ssd,Intel UHD Graphics,Intel,Integrated,Bluetooth,,,,
https://www.amazon.com//HP-i5-10500-Numeric-Fingerprint-Natural/dp/B09DB3H45Q/ref=sr_1_196?keywords=laptop&qid=1653585595&sr=8-196,17.3 Inches,,1920 x 1080 Pixels,2.1 GHz amd_r_series,8 GB DDR4,,256 GB SSD,AMD Radeon™ graphics,AMD,,,,,,8 Hours
https://www.amazon.com//HP-Chromebook-Micro-Edge-Touchscreen-14a-ca0023nr/dp/B099LR1LHL/ref=sr_1_198?keywords=laptop&qid=1653585595&sr=8-198,14 Inches,1366 x 768,1366 x 768 Pixels,1.1 GHz pentium,4 GB DDR4,2400 MHz,64 GB ssd,Intel UHD Graphics 605,Intel,Integrated,"802.11a/b/g/n/ac, Bluetooth",,,,12 Hours
https://www.amazon.com//MSI-9SCX-005-Gaming-i5-9300H-GTX1650/dp/B0843JCV17/ref=sr_1_199?keywords=laptop&qid=1653585595&sr=8-199,15.6 Inches,1920 x 1080,1920 x 1080,2.4 apple_ci5,8 DDR4,2666 MHz,256 GB Flash Memory Solid State,NVIDIA GeForce GTX 1650,NVIDIA,Dedicated,802.11ac,1 GB,,4,1 days
https://www.amazon.com//Lenovo-ThinkBook-20YA002HUS-Touchscreen-Notebook/dp/B09KMDXNNH/ref=sr_1_200?keywords=laptop&qid=1653585595&sr=8-200,13.3 Inches,2560 x 1600 pixels,2560 x 1600 Pixels,2.3 GHz,8 GB LPDDR4X,2.3 GHz,256 GB Flash Memory Solid State,AMD Radeon Graphics,AMD,Radeon Graphics,"Bluetooth, 802.11a/b/g/n/ac",,,,
https://www.amazon.com//Dell-Inspiron-2-Touch-Screen-i7300-5395SLV-PUS/dp/B08DRQ8ZH6/ref=sr_1_201?keywords=laptop&qid=1653585595&sr=8-201,13.3 Inches,,,4.2 GHz core_i5,8 GB LPDDR3,1.6 GHz,flash_memory_solid_state,,Intel,,,,,,
https://www.amazon.com//Acer-NX-HQUAA-009-Spin-SP513-54N-58XD-Notebook/dp/B08FCN53WM/ref=sr_1_202?keywords=laptop&qid=1653585595&sr=8-202,13.5 Inches,,2256x1504,Core_i5_3340s,8 GB LPDDR4,,SSD,GPU,Intel,Dedicated,Bluetooth,,2,2,15 Hours
https://www.amazon.com//MSI-Crosshair-17-Generation-Octa-core/dp/B09NBQLFQ9/ref=sr_1_204?keywords=laptop&qid=1653585595&sr=8-204,17.3 Inches,1920x1080,FHD (1920 x 1080) IPS 144Hz Pixels,2.3 GHz core_i7,32 GB,,1 TB SSD,Dedicated NVIDIA GeForce RTX 3050 Ti 4GB,NVIDIA,Dedicated,Bluetooth,,,,
https://www.amazon.com//2022-HP-Performance-Business-Laptop/dp/B09SGVQQJ1/ref=sr_1_205?keywords=laptop&qid=1653585595&sr=8-205,15.6 Inches,1920x1080,1920 x 1080 Pixels,2.4 GHz core_i5_family,16 GB DDR4,2666 MHz,512 GB SSD,Intel Iris Xe Graphics,Intel,Integrated,802.11a/g/n/ac,,,3,6 Hours
https://www.amazon.com//Dell-XPS-17-9710-i7-11800H/dp/B09HSVDRCH/ref=sr_1_206?keywords=laptop&qid=1653585595&sr=8-206,17 Inches,,3840 x 2400 Pixels,2.3 GHz apple_ci7,32 GB DDR4,,1 TB SSD,NVIDIA GeForce RTX 3060,NVIDIA,,,,,,
https://www.amazon.com//Apple-2-7GHz-ME086LL-Desktop-Refurbished/dp/B00M4LWXI0/ref=sr_1_210?keywords=laptop&qid=1653585597&sr=8-210,21.5 Inches,1920 x 1080,,2.7 GHz core_i5,8 GB SDRAM,1600 MHz,1 TB,Intel Iris Pro,Intel,Intel Iris Pro Graphics 5200,802.11abg,,2,4,
https://www.amazon.com//Gateway-Notebook-Computer-i5-1035G1-Graphics/dp/B09FYN9MTY/ref=sr_1_212?keywords=laptop&qid=1653585597&sr=8-212,15.6 Inches,,1920 x 1080 Pixels,2.1 GHz ryzen_5,16 GB DDR4,,256 GB SSD,AMD Radeon RX Vega 8,AMD,,Bluetooth,,,,
https://www.amazon.com//Dell-Inspiron-15-6-inch-Quad-Core-Windows/dp/B094L3BYRP/ref=sr_1_213?keywords=laptop&qid=1653585597&sr=8-213,15.6 Inches,1920 x 1080,1920 x 1080 Pixels,9 GHz ryzen_3_3200u,8 GB DDR,3.5 GHz,256 GB SSD,AMD Radeon Vega 8,AMD,,Bluetooth,,,,
https://www.amazon.com//MSI-i7-11800H-GeForce-Backlit-Windows/dp/B09WCMTKD3/ref=sr_1_214?keywords=laptop&qid=1653585597&sr=8-214,15.6 Inches,1920x1080,1920 x 1080 Pixels,2.3 GHz core_i7_family,32 GB DDR4,,1 TB SSD,NVIDIA GeForce RTX 3050 Ti 4GB GDDR6,NVIDIA,Dedicated,802.11ax,4 GB,,3,4 Hours
https://www.amazon.com//MSI-Gaming-i7-11800H-Backlit-Accessories/dp/B09W8NC9JQ/ref=sr_1_216?keywords=laptop&qid=1653585597&sr=8-216,15.6 Inches,,1920 x 1080 Pixels,4.6 GHz apple_ci7,16 GB DDR4,4.6 GHz,1 TB SSD,NVIDIA GeForce RTX 3060,NVIDIA,Integrated,802.11ax,,,,
https://www.amazon.com//HP-Pavilion-Ultralight-Graphics-Bluetooth/dp/B09SLJH14S/ref=sr_1_217?keywords=laptop&qid=1653585597&sr=8-217,13.3 Inches,1920x1200,3840 x 2160 Pixels,1.9 GHz ryzen_7_4800u,16 GB DDR4,,512 GB SSD,Radeon Graphics,AMD,Integrated,802.11ax,,,3,
https://www.amazon.com//Lenovo-Touchscreen-i3-1115G4-Bluetooth-Fingerprint/dp/B09MR3FKL4/ref=sr_1_218?keywords=laptop&qid=1653585597&sr=8-218,15.6 Inches,1920 x 1080,1920 x 1080 Pixels,3 GHz apple_ci3,8 GB DDR4,4.1 GHz,256 GB SSD,Intel UHD Graphics,Intel,,Bluetooth,,,,
https://www.amazon.com//HP-Pavilion-Quad-core-Processor-Bluetooth/dp/B0985RPB47/ref=sr_1_220?keywords=laptop&qid=1653585597&sr=8-220,15.6 Inches,,1366 x 768 Pixels,2.7 GHz pentium,16 GB DDR4,2.7 GHz,1 TB SSD,Intel UHD Graphics 605,Intel,,"Bluetooth, 802.11a",,,,13 Hours
https://www.amazon.com//Lenovo-Display-Storage-GeForce-Windows/dp/B09YVTKGSH/ref=sr_1_221?keywords=laptop&qid=1653585597&sr=8-221,15.6 Inches,,1920 x 1080 Pixels,3.2 GHz ryzen_7_5800h,16 GB DDR4,,1 TB SSD,NVIDIA GeForce RTX 3050 Ti,NVIDIA,Dedicated,Bluetooth,1 TB,,4,
https://www.amazon.com//Microsoft-Touchscreen-Quad-Core-i5-1035G1-Bluetooth/dp/B08LF3ZQBL/ref=sr_1_222?keywords=laptop&qid=1653585597&sr=8-222,12.4 Inches,,1536 x 1024 Pixels,1 GHz core_i5,4 GB LPDDR4X,3.6 GHz,64 GB,,Intel,Integrated,Bluetooth,,,,13 Hours
https://www.amazon.com//HP-i7-1165G7-Graphics-Windows-Accessories/dp/B09RQC9D9W/ref=sr_1_223?keywords=laptop&qid=1653585597&sr=8-223,17.3 Inches,1920x1080,1920 x 1080 Pixels,2.8 GHz core_i7_family,16 GB DDR4,,1 TB SSD,Intel Iris Xe Graphics,Intel,Integrated,802.11ax,,,3,8 Hours
https://www.amazon.com//HP-Performance-Pavilion-15-Touchscreen/dp/B08PTH89J3/ref=sr_1_224?keywords=laptop&qid=1653585597&sr=8-224,15.6 Inches,1920x1080,1920x1080 Pixels,2.8 GHz core_i7_family,8 GB SDRAM,,512 GB SSD,Intel Iris Xe Graphics,NVIDIA,,802.11ax,,,,8 Hours
https://www.amazon.com//Apple-iPad-Air-Gold-Refurbished/dp/B00TREI06Q/ref=sr_1_236?keywords=laptop&qid=1653585602&sr=8-236,9.7 Inches,2048 x 1536,,2.4 GHz,1 GB,,64 GB,,,,802.11abg,,,,10 Hours
https://www.amazon.com//Lenovo-IdeaPad-Gaming-Laptop-GeForce/dp/B08N5TQD6M/ref=sr_1_239?keywords=laptop&qid=1653585602&sr=8-239,15.6 Inches,,1920 x 1080 Pixels,2.3 GHz core_i5_family,8 GB,,256 GB SSD,NVIDIA GeForce GTX 1650,NVIDIA,Dedicated,"Bluetooth, 802.11ac",,,,
https://www.amazon.com//HP-Pavilion-Touchscreen-i7-1065G7-Quad-Core/dp/B0921P31PT/ref=sr_1_240?keywords=laptop&qid=1653585602&sr=8-240,14 Inches,,1366 x 768 Pixels,2.6 GHz amd_r_series,16 GB DDR4,3.5 GHz,1 TB SSD,AMD Radeon Graphics,Intel,,Bluetooth,,,,
https://www.amazon.com//HP-Micro-edge-Microsoft-14-dq0040nr-Snowflake/dp/B0947BJ67M/ref=sr_1_241?keywords=laptop&qid=1653585606&sr=8-241,14 Inches,1366 x 768 pixels,1366 x 768 Pixels,2.8 GHz celeron_n4020,4 GB DDR4,,eMMC,,Intel,Integrated,"802.11a/b/g/n/ac, Bluetooth",,,,10 Hours
https://www.amazon.com//HP-Processor-Bluetooth-Silmarils-Accessories/dp/B09YP3NH3Y/ref=sr_1_242?keywords=laptop&qid=1653585606&sr=8-242,14 Inches,,1366 x 768 Pixels,2.6 GHz celeron_n,4 GB DDR4,2.6 GHz,64 GB SSD,Intel UHD Graphics 600,Intel,,"Bluetooth, 802.11a",,,,
https://www.amazon.com//Dell-Inspiron-3511-Non-Touch-Laptop/dp/B09F3P7VB9/ref=sr_1_243?keywords=laptop&qid=1653585606&sr=8-243,15.6 Inches,1920 x 1080 pixels,1920 x 1080 Pixels,4.2 GHz core_i5_family,12 GB DDR4,2666 MHz,256 GB SSD,Intel Iris Xe Graphics,Intel,Integrated,Bluetooth,4 GB,1,2,
https://www.amazon.com//MSI-Pulse-GL66-Gaming-Laptop/dp/B09RB9B7SD/ref=sr_1_244?keywords=laptop&qid=1653585606&sr=8-244,15.6 Inches,,1920x1080 Pixels,1.7 GHz core_i7,16 GB DDR4,3200 MHz,SSD,,NVIDIA,Dedicated,Bluetooth,8 GB,1,3,
https://www.amazon.com//Lenovo-i7-1165G7-1920x1080-Fingerprint-Bluetooth/dp/B09KS9Y9TC/ref=sr_1_245?keywords=laptop&qid=1653585606&sr=8-245,15.6 Inches,1920x1080,1920 x 1080 Pixels,2.8 GHz core_i7,32 GB SO-DIMM,2.8 GHz,2 TB flash_memory_solid_state,Intel Iris Xe Graphics,Intel,Integrated,Bluetooth,,1,,
https://www.amazon.com//ASUS-GeForce-Opti-Mechanical-Keyboard-G533QS-XS98Q/dp/B08SJT94PW/ref=sr_1_246?keywords=laptop&qid=1653585606&sr=8-246,15.6 Inches,2560 x 1440 pixels,2560 x 1440 Pixels,4.6 GHz ryzen_9,32 GB DDR4,3200 MHz,1 TB flash_memory_solid_state,NVIDIA GeForce RTX 3080,AMD,GeForce RTX 3080,"Bluetooth, 802.11ax",16 GB,,4,
https://www.amazon.com//Dell-Alienware-M15-R6-I5-11400H/dp/B09NP6RJ4Z/ref=sr_1_248?keywords=laptop&qid=1653585606&sr=8-248,15.6 Inches,,1920 X 1080 Pixels,2.7 GHz apple_ci5,8 GB DDR4,4.5 GHz,256 GB SSD,NVIDIA RTX 3060 6GB GDDR6,,,"5.8 GHz Radio Frequency, 802.11n, 802.11abg",,,,
https://www.amazon.com//Acer-i5-1035G1-Quad-Core-Processor-Ethernet/dp/B08K3NGK2Z/ref=sr_1_249?keywords=laptop&qid=1653585606&sr=8-249,15.6 Inches,1920 x 1080 pixels,1920x1080 Pixels,1.1 GHz core_i5,8 GB DDR4,3.6 GHz,256 GB SSD,Integrated Intel Graphics,Intel,,802.11ac,,2,,8 Hours
https://www.amazon.com//MSI-Pulse-GL76-i7-12700H-RTX3070/dp/B09RB8YP2R/ref=sr_1_250?keywords=laptop&qid=1653585606&sr=8-250,17.3 Inches,1920 x 1080 pixels,1920x1080 Pixels,1.7 GHz core_i7,16 GB DDR4,3200 MHz,512 GB SSD,,NVIDIA,Dedicated,Bluetooth,8 GB,1,3,
https://www.amazon.com//Dell-Inspiron-Intel-Platform-Laptop/dp/B09R7NFN4B/ref=sr_1_252?keywords=laptop&qid=1653585606&sr=8-252,13.3 Inches,,1920 x 1200 Pixels,3.2 GHz core_i5_family,16 GB LPDDR4X,,512 GB SSD,Intel Iris Xe Graphics,Intel,,,,,,
https://www.amazon.com//MSI-i5-10300H-Processor-Wireless-AC-Bluetooth/dp/B08FF358SW/ref=sr_1_253?keywords=laptop&qid=1653585606&sr=8-253,17.3 Inches,1920x1080,1920 x 1080 Pixels,2.5 GHz core_i5,8 GB DDR4,4.5 GHz,512 GB SSD,"GeForce GTX 1650, 4GB GDDR6",NVIDIA,,Bluetooth,,,,
https://www.amazon.com//Dell-Inspiron-7000-Touchscreen-i5-1135G7/dp/B09MF2WRD9/ref=sr_1_254?keywords=laptop&qid=1653585606&sr=8-254,13.3 Inches,,1920 x 1080 Pixels,2.4 GHz core_i5_family,8 GB DDR4,,512 GB ssd,Intel Iris Xe Graphics,Intel,,Bluetooth,,,,
https://www.amazon.com//Acer-3-60GHz-i5-1035G-DVD-Writer-A317-52/dp/B09432ZFQ6/ref=sr_1_255?keywords=laptop&qid=1653585606&sr=8-255,17.3 Inches,,1600 x 900 Pixels,3.6 GHz core_i5_1035g1,20 GB DDR4,3.6 GHz,1 TB SSD,UHD Graphics,Intel,Integrated,Bluetooth,,2,1,
https://www.amazon.com//New-Microsoft-Surface-Laptop-Touch-Screen/dp/B07YNLKTW9/ref=sr_1_256?keywords=laptop&qid=1653585606&sr=8-256,15 Inches,2496 x 1664,2496 x 1664,2.1 GHz ryzen_5_2600x,16 GB DDR4,,256 GB flash memory solid state,AMD Radeon Vega 9,Intel,Integrated,,,,2,11.5 Hours
https://www.amazon.com//Lenovo-ThinkBook-i7-1165G7-Graphics-Thunderbolt/dp/B09LTN9HTM/ref=sr_1_257?keywords=laptop&qid=1653585608&sr=8-257,13.3 Inches,2560 x 1600,2560 x 1600 Pixels,2.8 GHz core_i7_family,16 GB SO-DIMM,4266 MHz,512 GB SSD,Intel Iris Xe Graphics,Intel,,802.11ac,,,,9 Hours
https://www.amazon.com//MSI-Katana-i7-11800H-Processor-Keyboard/dp/B09TCFVGJF/ref=sr_1_258?keywords=laptop&qid=1653585608&sr=8-258,15.6 Inches,,1920 x 1080 Pixels,2.3 GHz apple_ci7,16 GB DDR4,4.6 GHz,512 GB SSD,NVIDIA GeForce RTX 3060,NVIDIA,Dedicated,Bluetooth,,,,
https://www.amazon.com//Razer-Book-Laptop-i7-1165G7-Thunderbolt/dp/B09HJGCL5Q/ref=sr_1_259?keywords=laptop&qid=1653585608&sr=8-259,13 Inches,1920 x 1200 pixels,1920 x 1200 Pixels,2.8 GHz apple_ci7,16 GB DDR4,,SSD,Intel Iris Xe Graphics,Intel,Dedicated,"Bluetooth, 802.11a/b/g/n/ac",,,1,
https://www.amazon.com//Asus-TUF-i5-11260H-Threads-Keyboard/dp/B09JFHRPKH/ref=sr_1_260?keywords=laptop&qid=1653585608&sr=8-260,17.3 Inches,,1920 x 1080 Pixels,2.6 GHz apple_ci5,8 GB,2.6 GHz,512 GB SSD,NVIDIA GeForce RTX 3050 Ti,NVIDIA,Dedicated,802.11ax,,,,
https://www.amazon.com//Lenovo-ThinkBook-ACL-21A2009FUS-Notebook/dp/B09CQ9N69V/ref=sr_1_261?keywords=laptop&qid=1653585608&sr=8-261,14 Inches,1920 x 1080 pixels,1920 x 1080,2.6 GHz,16 GB DDR4,2.6 GHz,256 GB Flash Memory Solid State,AMD Radeon Graphics,AMD,Radeon Graphics,"Bluetooth, 802.11ac",,,,
https://www.amazon.com//MSI-Creator-17-Professional-Laptop/dp/B098WRVRH4/ref=sr_1_262?keywords=laptop&qid=1653585608&sr=8-262,17.3 Inches,3840 x 2160 pixels,3840 x 2160 Pixels,2.4 GHz core_i7_family,16 GB DDR4,3200 MHz,512 GB SSD,,NVIDIA,Dedicated,Bluetooth,6 GB,,2,
https://www.amazon.com//HP-i7-11800H-GeForce-Backlit-Thunderbolt4/dp/B09Y8M3X1K/ref=sr_1_264?keywords=laptop&qid=1653585608&sr=8-264,17.3 Inches,1920x1080,1920x1080 Pixels,2.3 GHz core_i7_family,32 GB DDR4,3200 MHz,2 TB SSD,Nvidia GeForce RTX 3060 6GB,NVIDIA,Dedicated,802.11ax,6 GB,,4,6 Hours
https://www.amazon.com//Lenovo-Chromebook-Processor-Graphics-82C10004US/dp/B08523MMRX/ref=sr_1_265?keywords=laptop&qid=1653585608&sr=8-265,14 Inches,,1366 x 768,1.1 GHz celeron_n3450,4 GB DDR4,2400 GHz,32 GB Flash Memory Solid State,Intel Integrated Graphics,Intel,Integrated,"Bluetooth, 801.11ac",,,2,10 Hours
https://www.amazon.com//ASUS-IPS-Type-R7-3750H-GeForce-FX505DV-PB74/dp/B07SXTDL1S/ref=sr_1_192?keywords=laptop&qid=1653585592&sr=8-192,15.6 Inches,,1920 x 1080 Pixels,4 GHz amd_ryzen_7,16 GB DDR4,2400 MHz,512 GB Flash Memory Solid State,NVIDIA GeForce RTX 2060,NVIDIA,Dedicated,"Bluetooth, 802.11b/n/ac",6 GB,1,2,
https://www.amazon.com//Acer-Predator-PT515-52-77P9-i7-10750H-Dual-Channel/dp/B086W3757D/ref=sr_1_263?keywords=laptop&qid=1653585608&sr=8-263,15.6 Inches,,1920 x 1080,5 GHz core_i7,32 GB DDR4,2933 MHz,1 TB Flash Memory Solid State,NVIDIA GeForce RTX 2080 Super,NVIDIA,RTX 2080 Super,802.11ac,8 GB,,3,5 Hours
https://www.amazon.com//HP-Pavilion-Touchscreen-i7-1195G7-Bluetooth/dp/B09RJWXQS1/ref=sr_1_266?keywords=laptop&qid=1653585608&sr=8-266,15.6 Inches,1920x1080,1920 x 1080 Pixels,2.4 GHz core_i7_family,32 GB DDR4,,1 TB SSD,Intel Iris Xe Graphics,Intel,Integrated,802.11ax,,,3,
https://www.amazon.com//ASUS-ExpertBook-i7-1165G7-Military-B9450CEA-XH75/dp/B08NP1D548/ref=sr_1_268?keywords=laptop&qid=1653585608&sr=8-268,14 Inches,1920 x 1080 pixels,1920 x 1080 Pixels,4.7 GHz core_i7,16 GB LPDDR4,4267 MHz,1 TB SSD,Intel UHD Graphics,Intel,Integrated,"Bluetooth, 802.11ax",16 GB,,1,24 Hours
https://www.amazon.com//MSI-GP66-Leopard-Gaming-Laptop/dp/B092RY36ZL/ref=sr_1_269?keywords=laptop&qid=1653585608&sr=8-269,15.6 Inches,,1920 x 1080 Pixels,2.4 GHz core_i7_family,16 GB DDR4,3200 MHz,1 TB SSD,NVIDIA GeForce RTX 3070 8GB,NVIDIA,Dedicated,Bluetooth,8 GB,,3,
https://www.amazon.com//HP-X360-Convertible-Touch-Screen-i3-1005G1/dp/B08CDTP2Q1/ref=sr_1_270?keywords=laptop&qid=1653585608&sr=8-270,14 Inches,1366x768,1366X768 Pixels,1.2 GHz core_i3,8 GB DDR4,3.4 GHz,128 GB ssd,Intel UHD Graphics,Intel,,Bluetooth,,1,,
https://www.amazon.com//MSI-Creator-17-i7-11800H-B11UH-238/dp/B096DC17CX/ref=sr_1_271?keywords=laptop&qid=1653585608&sr=8-271,17.3 Inches,3840 x 2160 pixels,3840 x 2160 Pixels,2.4 GHz core_i7_family,32 GB DDR4,3200 MHz,1 TB SSD,,NVIDIA,Dedicated,Bluetooth,16 GB,,4,
https://www.amazon.com//Alienware-Display-i7-10700K-GeForce-AWARR2-7323WHT-PUS/dp/B08DWGVNZH/ref=sr_1_272?keywords=laptop&qid=1653585608&sr=8-272,17.3 Inches,,1920 x 1080 Pixels,5.1 GHz core_i7,16 GB DDR4,3200 MHz,1 TB Flash Memory Solid State,NVIDIA GeForce RTX 2070,NVIDIA,NVIDIA RTX 2070 Super,,8 GB,,4,
https://www.amazon.com//ASUS-ExpertBook-i7-1165G7-Cancelling-B1400CEA-XH74/dp/B09LRNP7G5/ref=sr_1_274?keywords=laptop&qid=1653585611&sr=8-274,14 Inches,1920 x 1080,1920 x 1080 Pixels,4.7 GHz intel_core_i7_1165g7,16 GB DDR4,,512 GB SSD,Intel Iris Xe Graphics,Intel,Integrated,"Bluetooth, 802.11ax",16 GB,1,3,
https://www.amazon.com//Lenovo-Anti-glare-Widescreen-Processor-Wireless-AC/dp/B07XZLP557/ref=sr_1_275?keywords=laptop&qid=1653585611&sr=8-275,15.6 Inches,,1600 x 900,3 GHz core_i3,12 GB DDR4,3.9 GHz,512 GB SSD,Intel UHD Graphics,Intel,,Bluetooth,,,,5 Hours
https://www.amazon.com//MSI-WS76-Workstation-Laptop-Thunderbolt/dp/B09BTKHC5X/ref=sr_1_277?keywords=laptop&qid=1653585611&sr=8-277,17.3 Inches,1920 x 1080,1920 x 1080 Pixels,2.4 GHz core_i7_family,32 GB DDR4,3200 MHz,1 TB SSD,,NVIDIA,Dedicated,Bluetooth,6 GB,,2,
https://www.amazon.com//2022-ASUS-Vivobook-15-6-Laptop/dp/B09Y125HJ9/ref=sr_1_278?keywords=laptop&qid=1653585611&sr=8-278,15.6 Inches,,1920x1080 Pixels,1.3 GHz core_i7_1065g7,36 GB DDR4,2666 MHz,1 TB SSD,Intel Iris Plus,Intel,Integrated,801.11ac,,,4,6 Hours
https://www.amazon.com//Dell-Inspiron-15-Touchscreen-i7-1165G7/dp/B09MCXNNT5/ref=sr_1_279?keywords=laptop&qid=1653585611&sr=8-279,15.6 Inches,1920x1080,1920 x 1080 Pixels,2.8 GHz apple_ci7,16 GB DDR4,2.8 GHz,512 GB SSD,‎‎Intel Iris Xe Graphics,Intel,,Bluetooth,,,,
https://www.amazon.com//Trio-Portable-Monitor-Displays-Nintendo/dp/B08C4LQ857/ref=sr_1_282?keywords=laptop&qid=1653585611&sr=8-282,12.5 Inches,1920x1080,1920 x 1200 Pixels,,,,,,,,,,,,
https://www.amazon.com//Panasonic-Toughbook-Touchscreen-Convertible-i5-3610ME/dp/B08QL3S2RQ/ref=sr_1_283?keywords=laptop&qid=1653585611&sr=8-283,10.1 Inches,1024×768,1024 X 768 Pixels,2.7 GHz core_i5,8 GB,2.7 GHz,256 GB ssd,Intel® HD Graphics 4000,,,Bluetooth,,,,
https://www.amazon.com//Lenovo-IdeaPad-ComputerAMD-A6-9220e-Microsoft/dp/B081GMHQLR/ref=sr_1_284?keywords=laptop&qid=1653585611&sr=8-284,14 Inches,1366 x 768,1366 x 768,1.6 GHz amd_a_series,4 GB DDR4,1.6 GHz,64 GB SSD,AMD Radeon R4,AMD,Dedicated,802.11ac,2 MB,,2,
https://www.amazon.com//SAMSUNG-Platform-Computer-Processor-Long-Lasting/dp/B091WSQYNF/ref=sr_1_285?keywords=laptop&qid=1653585611&sr=8-285,13.3 Inches,,1920 x 1080 Pixels,2.8 GHz core_i7,8 GB LPDDR4X,,512 GB SSD,,Intel,Integrated,"Bluetooth, 802.11ax",,,1,21 Hours
https://www.amazon.com//HP-Touchscreen-i7-1165G7-Processor-Fingerprint/dp/B09R5SKVTQ/ref=sr_1_287?keywords=laptop&qid=1653585611&sr=8-287,15.6 Inches,,1920 x 1080 Pixels,2.8 GHz apple_ci7,32 GB DDR4,2.8 GHz,512 GB SSD,Intel Iris Xe Graphics,Intel,,Bluetooth,,,,
https://www.amazon.com//Dell-Precision-Notebook-Computer-i7-8850H/dp/B08FP1RDHH/ref=sr_1_288?keywords=laptop&qid=1653585611&sr=8-288,15.6 Inches,,1920 x 1080,2.6 GHz core_i7_8750h,32 GB DDR4,2.6 GHz,1 TB flash_memory_solid_state,NVIDIA Quadro P1000,NVIDIA,Dedicated,Bluetooth,,,,
https://www.amazon.com//HP-17z-Touchscreen-Quad-Core-Processor/dp/B09KYBP9VX/ref=sr_1_289?keywords=laptop&qid=1653585614&sr=8-289,17.3 Inches,1600 x 900,1600 x 900 Pixels,2.6 GHz ryzen_3,16 GB DDR4,3.8 GHz,1 TB SSD,AMD Radeon Graphics,AMD,,"Bluetooth, 802.11a",,,,
https://www.amazon.com//Dell-Precision-M4800-Ultrapowerful-Workstation/dp/B07TSFRJSW/ref=sr_1_290?keywords=laptop&qid=1653585614&sr=8-290,15.6 Inches,1920x1080,1920 x 1080,2.8 GHz core_i7_4810HQ,32 GB DDR3,3.8 GHz,1 TB mechanical_hard_drive,Nvidia Quadro K2100M Graphics,NVIDIA,Dedicated,802.11ac,,,,
https://www.amazon.com//HP-Processor-Micro-Edge-Long-Lasting-15-ef2024nr/dp/B09J1PS4TG/ref=sr_1_291?keywords=laptop&qid=1653585614&sr=8-291,15 Inches,1366 x 768,1366 x 768 Pixels,3.8 GHz ryzen_3,8 GB DDR4,,256 GB SSD,AMD Radeon Graphics,AMD Radeon Graphics,Integrated,"Bluetooth, 802.11a",8 GB,,3,9.3 Hours
https://www.amazon.com//Lenovo-Processor-Graphics-81W10094US-Business/dp/B0872K4XCJ/ref=sr_1_292?keywords=laptop&qid=1653585614&sr=8-292,15.6 Inches,1366 x 768,1366 x 768 Pixels,2.6 GHz ryzen_3_3250u,4 GB DDR4,2400 MHz,256 GB Flash Memory Solid State,AMD Radeon Vega 3,AMD,Integrated,"Bluetooth, 802.11ac",,1,2,9 Hours
https://www.amazon.com//HP-i5-1135G7-Processor-Lightweight-15-dy2021nr/dp/B08KGZ79N6/ref=sr_1_293?keywords=laptop&qid=1653585614&sr=8-293,15.6 Inches,1920 x 1080 pixels,1920 x 1080 Pixels,4.2 GHz core_i5,8 GB DDR4,,256 GB SSD,Intel Iris,Intel,Integrated,"Bluetooth, 802.11ax",,,,8 Hours
https://www.amazon.com//Alienware-X15-Ready-Gaming-Laptop/dp/B09DFJD6CH/ref=sr_1_294?keywords=laptop&qid=1653585614&sr=8-294,15.6 Inches,1920 x 1080 pixels,1920 x 1080 Pixels,4.6 GHz core_i7_family,16 GB DDR4,3200 MHz,1 TB SSD,NVIDIA® GeForce RTX™ 3070 8 GDDR6,NVIDIA,RTX 3070,Bluetooth,8 GB,,3,
https://www.amazon.com//Newest-Acer-Aspire-15-6-Laptop/dp/B09SWKXRKP/ref=sr_1_295?keywords=laptop&qid=1653585614&sr=8-295,15.6 Inches,1920x1080,1920x1080 Pixels,2.1 GHz ryzen_3,8 GB DDR4,3.5 GHz,128 GB SSD,AMD Radeon Vega 6,AMD,Integrated,802.11ax,,,3,
https://www.amazon.com//ASUS-Ultra-Slim-NanoEdge-NumberPad-UM325UA-DH51/dp/B09LYK33KN/ref=sr_1_296?keywords=laptop&qid=1653585614&sr=8-296,13.3 Inches,,1920 x 1080 Pixels,4 GHz ryzen_5,8 GB DDR4,,512 GB SSD,,AMD,Integrated,Bluetooth,,,3,
https://www.amazon.com//MSI-Modern-Professional-i5-1155G7-B11MO-857/dp/B09FS4PMPT/ref=sr_1_297?keywords=laptop&qid=1653585614&sr=8-297,14 Inches,1920 x 1080 pixels,1920 x 1080 Pixels,2.5 GHz core_i5,8 GB DDR4,3200,512 GB SSD,Intel Iris Xe Graphics,Intel,Integrated,"Bluetooth, 802.11ax",,,2,
https://www.amazon.com//Lenovo-Yoga-9i-Touchscreen-Thunderbolt/dp/B08XK1HZ66/ref=sr_1_298?keywords=laptop&qid=1653585614&sr=8-298,14 Inches,,3840x2160 Pixels,4.8 GHz core_i7_family,16 GB,,512 GB ssd,Intel Iris Xe Graphics,Intel,Integrated,Bluetooth,,,,10 Hours
https://www.amazon.com//HP-Pavilion-Touchscreen-i7-1165G7-Bluetooth/dp/B09T2VDGYX/ref=sr_1_299?keywords=laptop&qid=1653585614&sr=8-299,15.6 Inches,1920x1080,1920 x 1080 Pixels,2.4 GHz core_i7_family,32 GB DDR4,,1 TB SSD,Intel Iris Xe Graphics,Intel,Integrated,802.11ax,,,3,
https://www.amazon.com//ASUS-IPS-Type-i5-10300H-Keyboard-FX706LI-RS53/dp/B08ZLFLF7L/ref=sr_1_300?keywords=laptop&qid=1653585614&sr=8-300,17.3 Inches,1920 x 1080 pixels,1920x1080 Pixels,4.5 GHz apple_ci5,8 GB DDR4,2933 MHz,512 GB SSD,NVIDIA GeForce GTX 1650 Ti,NVIDIA,Dedicated,"Bluetooth, 802.11ax",4 GB,,3,
https://www.amazon.com//Acer-A515-56-53S3-i5-1135G7-Graphics-Fingerprint/dp/B09J5HXWG3/ref=sr_1_301?keywords=laptop&qid=1653585614&sr=8-301,15.6 Inches,,1920 x 1080,4.2 GHz apple_ci5,8 GB DDR4,,256 GB SSD,,Intel,Integrated,"Bluetooth, 802.11ax",,1,3,
https://www.amazon.com//Acer-A515-55-35SE-i3-1005G1-Processor-Fingerprint/dp/B08HN1WDWZ/ref=sr_1_302?keywords=laptop&qid=1653585614&sr=8-302,15.6 Inches,,1920x1080 Pixels,3.4 GHz core_i3,4 GB DDR4,3.4 GHz,128 GB Flash Memory Solid State,Intel UHD Graphics,Intel,Integrated,Bluetooth,,1,3,8 Hours
https://www.amazon.com//ASUS-Zephyrus-14-inch-GeForce-GA401IH-BR7N2BL/dp/B08CZLW29Z/ref=sr_1_304?keywords=laptop&qid=1653585614&sr=8-304,14 Inches,1920 x 1080,1920 x 1080 Pixels,2.9 GHz amd_ryzen_7,8 GB DDR4,,512 GB SSD,NVIDIA,NVIDIA,Dedicated,802.11ac,,1,1,10 Hours
