Link,Title, Price  ,Standing screen display size(Inches),Screen Resolution,Max Screen Resolution,Processor,RAM Type,RAM,Memory Speed,Hard Drive,Graphics Coprocessor,Chipset Brand,Card Description,Wireless Type,Graphics Card Ram Size,Number of USB 2.0 Ports,Number of USB 3.0 Ports,Average Battery Life (in hours)
https://www.amazon.com//2021-Dell-Inspiron-Laptop-i5-1035G1/dp/B09MC3WH8R/ref=sr_1_194?keywords=laptop&qid=1653585595&sr=8-194,2021 Dell Inspiron 15 Laptop:,$555.00 ,15.6,1920x1080,1920 x 1080 Pixels,core_i5,DDR4,8 GB,3.6 GHz,256 GB SSD,Intel UHD Graphics,Intel,Integrated,Bluetooth,,,,
https://www.amazon.com//2021-MSI-HD-Gaming-i5-10200H-PCI/dp/B096WH5MY9/ref=sr_1_146?keywords=laptop&qid=1653585587&sr=8-146,2021 MSI - GF63035 |,$684.98 ,15.6,,1920 x 1080 Pixels,core_i5,DDR4,8 GB,4.5 GHz,1 TB SSD,RTX 3050,NVIDIA,Dedicated,Bluetooth,,,,6 Hours
https://www.amazon.com//2022-ASUS-Vivobook-15-6-Laptop/dp/B09Y125HJ9/ref=sr_1_278?keywords=laptop&qid=1653585611&sr=8-278,"2022 ASUS Vivobook 15.6"" FHD","$1,099.00 ",15.6,,1920x1080 Pixels,core_i7,DDR4,36 GB,2666 MHz,1 TB SSD,Intel Iris Plus,Intel,Integrated,801.11ac,,,4,6 Hours
https://www.amazon.com//2022-HP-Performance-Business-Laptop/dp/B09SGVQQJ1/ref=sr_1_205?keywords=laptop&qid=1653585595&sr=8-205,2022 HP High Performance Business,$899.00 ,15.6,1920x1080,1920 x 1080 Pixels,core_i5,DDR4,16 GB,2666 MHz,512 GB SSD,Intel Iris Xe Graphics,Intel,Integrated,802.11a/g/n/ac,,,3,6 Hours
https://www.amazon.com//2022-LENOVO-ThinkPad-Yoga-Laptop/dp/B09WKYT1N2/ref=sr_1_182?keywords=laptop&qid=1653585592&sr=8-182,2022 LENOVO ThinkPad X1 Yoga,"$1,498.00 ",14,1920x1080,1920 x 1080 Pixels,core_i5,LPDDR3,16 GB,1.6 GHz,1 TB ssd,Intel UHD Graphics,Intel,Integrated,802.11ax,,,3,
https://www.amazon.com//Acer-3-60GHz-i5-1035G-DVD-Writer-A317-52/dp/B09432ZFQ6/ref=sr_1_255?keywords=laptop&qid=1653585606&sr=8-255,"Acer Aspire 3 Laptop, 17.3''",$479.00 ,17.3,,1600 x 900 Pixels,core_i5,DDR4,20 GB,3.6 GHz,1 TB SSD,UHD Graphics,Intel,Integrated,Bluetooth,,2,1,
https://www.amazon.com//Acer-A515-46-R3UB-Display-Quad-Core-Processor/dp/B09HVC79PC/ref=sr_1_1?keywords=laptop&qid=1653585547&sr=8-1,Acer Aspire 5 A515-46-R3UB |,$366.84 ,15.6,,1920 x 1080,ryzen_3,DDR4,4 GB,3.5 GHz,128 GB SSD,,AMD,Integrated,Bluetooth,,1,3,10 Hours
https://www.amazon.com//Acer-A515-55-35SE-i3-1005G1-Processor-Fingerprint/dp/B08HN1WDWZ/ref=sr_1_302?keywords=laptop&qid=1653585614&sr=8-302,"Acer Aspire 5 A515-55-35SE, 15.6""",$369.00 ,15.6,,1920x1080 Pixels,core_i3,DDR4,4 GB,3.4 GHz,128 GB SSD,Intel UHD Graphics,Intel,Integrated,Bluetooth,,1,3,8 Hours
https://www.amazon.com//Acer-A515-56-53S3-i5-1135G7-Graphics-Fingerprint/dp/B09J5HXWG3/ref=sr_1_301?keywords=laptop&qid=1653585614&sr=8-301,Acer Aspire 5 A515-56-53S3 Laptop,$602.62 ,15.6,,1920 x 1080,core_i5,DDR4,8 GB,,256 GB SSD,,Intel,Integrated,"Bluetooth, 802.11ax",,1,3,
https://www.amazon.com//Acer-A515-56-702V-i7-1165G7-Graphics-Fingerprint/dp/B09J5FQ4P5/ref=sr_1_122?keywords=laptop&qid=1653585581&sr=8-122,Acer Aspire 5 A515-56-702V Laptop,$879.99 ,15.6,,1920 x 1080,core_i7,DDR4,16 GB,2.8 GHz,512 GB SSD,,Intel,Integrated,"Bluetooth, 802.11ax",,1,3,
https://www.amazon.com//Acer-A517-52-75N6-i7-1165G7-Graphics-Fingerprint/dp/B09JHGHF7Y/ref=sr_1_15?keywords=laptop&qid=1653585547&sr=8-15,Acer Aspire 5 A517-52-75N6 Laptop,$949.99 ,17.3,,1920 x 1080,core_i7,DDR4,16 GB,2.8 GHz,512 GB SSD,,Intel,Integrated,Bluetooth,,1,3,8 Hours
https://www.amazon.com//Acer-AN515-58-725A-i7-12700H-GeForce-Keyboard/dp/B09TWYSVPM/ref=sr_1_84?keywords=laptop&qid=1653585574&sr=8-84,Acer Nitro 5 AN515-58-725A Gaming,"$1,449.99 ",15.6,,1920 x 1080,core_i7,DDR4,16 GB,,512 GB SSD,,NVIDIA,Dedicated,"Bluetooth, 802.11ax",6 GB,,3,
https://www.amazon.com//Acer-AN517-41-R3NX-Octa-Core-GeForce-Keyboard/dp/B093J9ZNJK/ref=sr_1_179?keywords=laptop&qid=1653585592&sr=8-179,Acer Nitro 5 AN517-41-R3NX Gaming,"$1,999.99 ",17.3,,1920 x 1080 Pixels,ryzen_7,DDR4,16 GB,3200 MHz,1 TB SSD,,NVIDIA,Dedicated,Bluetooth,,,4,9 Hours
https://www.amazon.com//Acer-AN517-54-79L1-i7-11800H-GeForce-Display/dp/B09HJKGK5V/ref=sr_1_13?keywords=laptop&qid=1653585547&sr=8-13,Acer Nitro 5 AN517-54-79L1 Gaming,"$1,099.99 ",17.3,1920 x 1080,1920 x 1080,core_i7,DDR4,16 GB,4.6 GHz,1 TB SSD,,NVIDIA,Dedicated,"Bluetooth, 802.11ax",4 GB,,4,8 Hours
https://www.amazon.com//Acer-i5-1035G1-Quad-Core-Processor-Ethernet/dp/B08K3NGK2Z/ref=sr_1_249?keywords=laptop&qid=1653585606&sr=8-249,"2020 Acer Aspire 3 15.6""",$417.00 ,15.6,1920 x 1080 pixels,1920x1080 Pixels,core_i5,DDR4,8 GB,3.6 GHz,256 GB SSD,Integrated Intel Graphics,Intel,,802.11ac,,2,,8 Hours
https://www.amazon.com//Acer-i7-1165G7-Graphics-Antimicrobial-SF514-55TA-74EC/dp/B08JQKMFFB/ref=sr_1_63?keywords=laptop&qid=1653585567&sr=8-63,Acer Swift 5 Intel Evo,"$1,092.99 ",14,,1920 x 1080 Pixels,core_i7,LPDDR4,16 GB,2.8 GHz,1 TB SSD,Intel Iris Xe Graphics,Intel,Integrated,Bluetooth,,,3,15 Hours
https://www.amazon.com//Acer-i7-1165G7-Graphics-Fingerprint-SF313-53-78UG/dp/B08P5724PZ/ref=sr_1_88?keywords=laptop&qid=1653585574&sr=8-88,Acer Swift 3 Intel Evo,$613.99 ,13.5,,1280 x 720 Pixels,core_i7,LPDDR4,8 GB,2.8 GHz,512 GB SSD,Intel Iris Xe Graphics,Intel,Integrated,802.11ac,,,3,14 Hours
https://www.amazon.com//Acer-NX-HQUAA-009-Spin-SP513-54N-58XD-Notebook/dp/B08FCN53WM/ref=sr_1_202?keywords=laptop&qid=1653585595&sr=8-202,"Acer Spin 5 Convertible Laptop,",$615.05 ,13.5,,2256x1504,core_i5,LPDDR4,8 GB,,256 GB SSD,GPU,Intel,Dedicated,Bluetooth,,2,2,15 Hours
https://www.amazon.com//Acer-Predator-i7-10750H-Dual-Channel-PH315-53-72XD/dp/B08842D7JS/ref=sr_1_64?keywords=laptop&qid=1653585567&sr=8-64,Acer Predator Helios 300 Gaming,"$1,199.00 ",15.6,,1920 x 1080 Pixels,core_i7,DDR4,16 GB,2933 MHz,512 GB SSD,NVIDIA GeForce RTX 2060,NVIDIA,RTX 2060,802.11ax,6 GB,,3,6 Hours
https://www.amazon.com//Acer-Predator-PT515-52-77P9-i7-10750H-Dual-Channel/dp/B086W3757D/ref=sr_1_263?keywords=laptop&qid=1653585608&sr=8-263,Acer Predator Triton 500 PT515-52-77P9,"$1,994.98 ",15.6,,1920 x 1080,core_i7,DDR4,32 GB,2933 MHz,1 TB SSD,NVIDIA GeForce RTX 2080 Super,NVIDIA,RTX 2080 Super,802.11ac,8 GB,,3,5 Hours
https://www.amazon.com//Acer-SFX14-41G-R1S6-Creator-LPDDR4X-Backlit/dp/B093TK1PXF/ref=sr_1_43?keywords=laptop&qid=1653585564&sr=8-43,Acer Swift X SFX14-41G-R1S6 Creator,"$1,051.57 ",14,1920 x 1080,1920 x 1080 Pixels,ryzen_7,LPDDR4,16 GB,,512 GB SSD,NVIDIA GeForce RTX 3050 Ti,NVIDIA,Dedicated,802.11ax,4 GB,,3,12 Hours
https://www.amazon.com//Alienware-3070-Gaming-Laptop-Full/dp/B08XDX7CW8/ref=sr_1_55?keywords=laptop&qid=1653585567&sr=8-55,Alienware m15 R4 RTX 3070,"$1,787.98 ",15.6,1920 x 1080 pixels,1920 x 1080 Pixels,core_i7,DDR4,16 GB,2933 MHz,1 TB SSD,NVIDIA GeForce RTX 3070,NVIDIA,NVIDIA RTX3070,Bluetooth,8 GB,,3,
https://www.amazon.com//Alienware-Display-i7-10700K-GeForce-AWARR2-7323WHT-PUS/dp/B08DWGVNZH/ref=sr_1_272?keywords=laptop&qid=1653585608&sr=8-272,"Alienware Area 51M Gaming Laptop,","$2,229.99 ",17.3,,1920 x 1080 Pixels,core_i7,DDR4,16 GB,3200 MHz,1 TB SSD,NVIDIA GeForce RTX 2070,NVIDIA,NVIDIA RTX 2070 Super,,8 GB,,4,
https://www.amazon.com//Alienware-X15-Ready-Gaming-Laptop/dp/B09DFJD6CH/ref=sr_1_294?keywords=laptop&qid=1653585614&sr=8-294,Alienware X15 R1 VR Ready,"$2,099.99 ",15.6,1920 x 1080 pixels,1920 x 1080 Pixels,core_i7,DDR4,16 GB,3200 MHz,1 TB SSD,NVIDIA® GeForce RTX™ 3070 8 GDDR6,NVIDIA,RTX 3070,Bluetooth,8 GB,,3,
https://www.amazon.com//Apple-2-7GHz-ME086LL-Desktop-Refurbished/dp/B00M4LWXI0/ref=sr_1_210?keywords=laptop&qid=1653585597&sr=8-210,Apple iMac 21.5in 2.7GHz Core,$244.99 ,21.5,1920 x 1080,,core_i5,SDRAM,8 GB,1600 MHz,1 TB SSD,Intel Iris Pro,Intel,Intel Iris Pro Graphics 5200,802.11abg,,2,4,
https://www.amazon.com//ASUS-Display-GeForce-Keyboard-G533ZX-XS96/dp/B09RN27LHT/ref=sr_1_8?keywords=laptop&qid=1653585547&sr=8-8,ASUS ROG Strix Scar 15,"$3,299.99 ",15.6,2560 x 1440 pixels,2560 x 1440 Pixels,core_i9,DDR5,32 GB,4800 MHz,1 TB SSD,NVIDIA GeForce RTX 3080 Ti,NVIDIA,RTX 3080 Ti,"Bluetooth, 802.11ax",16 GB,,3,
https://www.amazon.com//ASUS-Display-i9-12900H-Keyboard-G733ZW-DS94/dp/B09TPV4R9P/ref=sr_1_39?keywords=laptop&qid=1653585564&sr=8-39,ASUS ROG Strix Scar 17,"$2,299.99 ",17.3,,1920 x 1080 Pixels,core_i9,DDR5,16 GB,,1 TB SSD,,NVIDIA,RTX 3070 Ti,Bluetooth,,,2,
https://www.amazon.com//ASUS-Display-R7-5800H-Keyboard-G513QE-ES76/dp/B093TZMNFR/ref=sr_1_129?keywords=laptop&qid=1653585584&sr=8-129,ASUS ROG Strix G15 (2021),"$1,299.00 ",15.6,1920 x 1080 pixels,1920 x 1080 Pixels,ryzen_7,DDR4,16 GB,3200 MHz,1 TB HDD,NVIDIA GeForce RTX 3050 Ti,NVIDIA,GeForce RTX 3050 Ti,"Bluetooth, 802.11ax",4 GB,,4,
https://www.amazon.com//ASUS-Display-R9-5900HX-Keyboard-G513QR-ES96/dp/B08SJTW9LK/ref=sr_1_61?keywords=laptop&qid=1653585567&sr=8-61,ASUS ROG Strix G15 (2021),"$2,055.00 ",15.6,1920 x 1080 pixels,1920 x 1080 Pixels,ryzen_9,DDR4,16 GB,3200 MHz,1 TB SSD,NVIDIA GeForce RTX 3070,NVIDIA,GeForce RTX 3070,"Bluetooth, 802.11ax",8 GB,,4,
https://www.amazon.com//ASUS-ExpertBook-i7-1165G7-Cancelling-B1400CEA-XH74/dp/B09LRNP7G5/ref=sr_1_274?keywords=laptop&qid=1653585611&sr=8-274,"ASUS ExpertBook B1 Business Laptop,","$1,129.99 ",14,1920 x 1080,1920 x 1080 Pixels,core_i7,DDR4,16 GB,,512 GB SSD,Intel Iris Xe Graphics,Intel,Integrated,"Bluetooth, 802.11ax",16 GB,1,3,
https://www.amazon.com//ASUS-ExpertBook-i7-1165G7-Military-B9450CEA-XH75/dp/B08NP1D548/ref=sr_1_268?keywords=laptop&qid=1653585608&sr=8-268,ASUS ExpertBook B9 Thin &,"$1,699.99 ",14,1920 x 1080 pixels,1920 x 1080 Pixels,core_i7,LPDDR4,16 GB,4267 MHz,1 TB SSD,Intel UHD Graphics,Intel,Integrated,"Bluetooth, 802.11ax",16 GB,,1,24 Hours
https://www.amazon.com//ASUS-GeForce-Opti-Mechanical-Keyboard-G533QS-XS98Q/dp/B08SJT94PW/ref=sr_1_246?keywords=laptop&qid=1653585606&sr=8-246,ASUS ROG Strix Scar 15,"$2,840.71 ",15.6,2560 x 1440 pixels,2560 x 1440 Pixels,ryzen_9,DDR4,32 GB,3200 MHz,1 TB SSD,NVIDIA GeForce RTX 3080,AMD,GeForce RTX 3080,"Bluetooth, 802.11ax",16 GB,,4,
https://www.amazon.com//ASUS-GeForce-RTX3050TI-Backlit-Windows/dp/B0B1TFRSP7/ref=sr_1_87?keywords=laptop&qid=1653585574&sr=8-87,2022 ASUS ROG Strix G15,"$2,099.00 ",15.6,1920x1080,1920x1080 Pixels,ryzen_9,DDR4,32 GB,3200 MHz,2 TB SSD,NVIDIA GeForce RTX 3050 Ti,NVIDIA,Dedicated,Bluetooth,4 GB,,4,6 Hours
https://www.amazon.com//ASUS-i3-1005G1-Processor-Fingerprint-F515JA-AH31/dp/B08H4YTTLP/ref=sr_1_189?keywords=laptop&qid=1653585592&sr=8-189,ASUS VivoBook 15 F515 Thin,$369.99 ,15.6,1920 x 1080,1920 x 1080 Pixels,core_i3,DDR4,4 GB,3.4 GHz,128 GB SSD,Intel UHD Graphics,Intel,Integrated,"Bluetooth, 802.11ac",4 GB,2,2,
https://www.amazon.com//ASUS-i7-1165G7-Fingerprint-Transparent-K712EA-DS76/dp/B094K27CSY/ref=sr_1_12?keywords=laptop&qid=1653585547&sr=8-12,ASUS VivoBook 17 K712EA Thin,$979.99 ,17.3,1920 x 1080 pixels,1920 x 1080 Pixels,core_i7,DDR4,16 GB,,1 TB SSD,Intel Iris Xe Graphics,Intel,Iris® Xe,"Bluetooth, 802.11ax",16 GB,2,2,
https://www.amazon.com//ASUS-i7-1165G7-Processor-Fingerprint-F515EA-DB75/dp/B09F2KLRJV/ref=sr_1_185?keywords=laptop&qid=1653585592&sr=8-185,ASUS VivoBook 15 F515 Thin,$769.99 ,15.6,1920 x 1080 pixels,1920 x 1080 Pixels,core_i7,DDR4,8 GB,3200 MHz,512 GB SSD,Intel Iris Xe Graphics,Intel,Integrated,"Bluetooth, 802.11ac",,2,2,
https://www.amazon.com//ASUS-i9-11900H-ScreenPad-Celestial-UX582HS-XH99T/dp/B09LYK1WWG/ref=sr_1_4?keywords=laptop&qid=1653585547&sr=8-4,ASUS ZenBook Pro Duo 15,"$2,999.00 ",15.6,3840 x 2160 pixels,3840 x 2160 Pixels,core_i9,DDR4,32 GB,,1 TB SSD,NVIDIA GeForce RTX 3080,NVIDIA,RTX 3080,"Bluetooth, 802.11ax",32 GB,,1,
https://www.amazon.com//ASUS-IPS-Type-i5-10300H-Keyboard-FX706LI-RS53/dp/B08ZLFLF7L/ref=sr_1_300?keywords=laptop&qid=1653585614&sr=8-300,ASUS TUF Gaming F17 Gaming,$858.00 ,17.3,1920 x 1080 pixels,1920x1080 Pixels,core_i5,DDR4,8 GB,2933 MHz,512 GB SSD,NVIDIA GeForce GTX 1650 Ti,NVIDIA,Dedicated,"Bluetooth, 802.11ax",4 GB,,3,
https://www.amazon.com//ASUS-IPS-Type-i7-11800H-Processor-TUF706HEB-DB74/dp/B09F8QGTN7/ref=sr_1_89?keywords=laptop&qid=1653585574&sr=8-89,ASUS TUF Gaming F17 Gaming,"$1,174.99 ",17.3,1920 x 1080 pixels,1920 x 1080 Pixels,core_i7,DDR4,16 GB,3200 MHz,512 GB SSD,NVIDIA GeForce RTX 3050,NVIDIA,GeForce RTX 3050 Ti,"Bluetooth, 802.11ax",,,3,
https://www.amazon.com//ASUS-IPS-Type-R7-3750H-GeForce-FX505DV-PB74/dp/B07SXTDL1S/ref=sr_1_192?keywords=laptop&qid=1653585592&sr=8-192,"ASUS TUF (2019) Gaming Laptop,",$979.00 ,15.6,,1920 x 1080 Pixels,ryzen_7,DDR4,16 GB,2400 MHz,512 GB SSD,NVIDIA GeForce RTX 2060,NVIDIA,Dedicated,"Bluetooth, 802.11b/n/ac",6 GB,1,2,
https://www.amazon.com//ASUS-Microsoft-15-Month-Subscription-Download/dp/B09Z7NPK6H/ref=sr_1_183?keywords=laptop&qid=1653585592&sr=8-183,ASUS ROG Strix Scar 15,"$2,174.98 ",15.6,,2560 x 1440 Pixels,core_i9,DDR5,32 GB,,2 TB SSD,,NVIDIA,Dedicated,,,,,
https://www.amazon.com//ASUS-Touchscreen-i5-1135G7-Processor-Fingerprint/dp/B09NQGCDWN/ref=sr_1_44?keywords=laptop&qid=1653585564&sr=8-44,"Newest ASUS VivoBook 15 Laptop,",$769.00 ,15.6,,1920 x 1080 Pixels,core_i5,DDR4,20 GB,,512 GB SSD,Intel Iris Xe Graphics,Intel,,Bluetooth,,,,
https://www.amazon.com//Asus-TUF-i5-11260H-Threads-Keyboard/dp/B09JFHRPKH/ref=sr_1_260?keywords=laptop&qid=1653585608&sr=8-260,"Asus TUF 17.3"" 144Hz FHD",$924.00 ,17.3,,1920 x 1080 Pixels,core_i5,,8 GB,2.6 GHz,512 GB SSD,NVIDIA GeForce RTX 3050 Ti,NVIDIA,Dedicated,802.11ax,,,,
https://www.amazon.com//ASUS-TUF-IPS-Type-i7-9750H-Processor/dp/B08SHN8MDY/ref=sr_1_143?keywords=laptop&qid=1653585584&sr=8-143,"2021 ASUS TUF Gaming Laptop,","$1,249.99 ",15.6,,1920x1080 Pixels,core_i7,DDR4,16 GB,4.5 GHz,1 TB SSD,RTX 3050,NVIDIA,Dedicated,802.11ac,,,,
https://www.amazon.com//ASUS-Ultra-Slim-Graphics-NumberPad-UM425QA-EH74/dp/B09LCGRL9V/ref=sr_1_48?keywords=laptop&qid=1653585564&sr=8-48,ASUS ZenBook 14 Ultra-Slim Laptop,$999.99 ,14,1920 x 1080 pixels,1920 x 1080 Pixels,ryzen_7,DDR4,16 GB,,1 TB SSD,,AMD,,Infrared,,,3,
https://www.amazon.com//ASUS-Ultra-Slim-NanoEdge-NumberPad-UM325UA-DH51/dp/B09LYK33KN/ref=sr_1_296?keywords=laptop&qid=1653585614&sr=8-296,ASUS ZenBook 13 OLED Ultra-Slim,$799.99 ,13.3,,1920 x 1080 Pixels,ryzen_5,DDR4,8 GB,,512 GB SSD,,AMD,Integrated,Bluetooth,,,3,
https://www.amazon.com//ASUS-Ultra-Slim-Thunderbolt-Noise-Cancellation-UX325EA-DH51/dp/B09LXHXPNV/ref=sr_1_35?keywords=laptop&qid=1653585564&sr=8-35,"ASUS ZenBook 13 Ultra-Slim Laptop,",$799.99 ,13.3,2560 x 1080 pixels,1920 x 1080 Pixels,core_i5,DDR4,8 GB,,256 GB SSD,,Intel,,Bluetooth,8 GB,,1,
https://www.amazon.com//ASUS-Vivobook-15-6-Display-Laptop/dp/B09BCVB3TG/ref=sr_1_136?keywords=laptop&qid=1653585584&sr=8-136,"ASUS Vivobook 15.6"" FHD Display",$848.99 ,15.6,1920x1080,1920x1080 Pixels,core_i7,SDRAM,20 GB,1.3 GHz,512 GB SSD,Intel UHD Graphics,Intel,Integrated,802.11ac,,,,
https://www.amazon.com//ASUS-VivoBook-Backlit-Keyboard-Bluetooth/dp/B07Y5PK8SC/ref=sr_1_175?keywords=laptop&qid=1653585589&sr=8-175,2020 ASUS VivoBook 15 15.6,$501.00 ,15.6,1920 x 1080,1920 x 1080,ryzen_3,DDR4,16 GB,3.5 GHz,256 GB SSD,AMD Radeon Vega 3,AMD,Integrated,802.11ac,,2,2,
https://www.amazon.com//ASUS-VivoBook-Display-Fingerprint-TM420UA-DS71T/dp/B091XRXRNP/ref=sr_1_70?keywords=laptop&qid=1653585570&sr=8-70,ASUS VivoBook Flip 14 Thin,$679.99 ,14,,1920X1200 Pixels,ryzen_7,DDR4,8 GB,,512 GB SSD,AMD Radeon™ Graphics,AMD,Integrated,802.11ac,,1,1,
https://www.amazon.com//ASUS-VivoBook-Display-GeForce-M3500QC-DS71/dp/B09MMX24B8/ref=sr_1_100?keywords=laptop&qid=1653585578&sr=8-100,ASUS VivoBook Pro 15 OLED,"$1,099.99 ",15.6,1920 x 1200 pixels,1920 x 1080 Pixels,ryzen_7,DDR4,16 GB,,512 GB SSD,,NVIDIA,GeForce RTX 3050,,,2,2,
https://www.amazon.com//ASUS-VivoBook-Display-i3-1115G4-F515EA-AH34/dp/B09LC9JWW8/ref=sr_1_125?keywords=laptop&qid=1653585581&sr=8-125,"ASUS VivoBook 15 F515 Laptop,",$400.29 ,15.6,1920 x 1080 pixels,1920 x 1080 Pixels,core_i3,DDR4,8 GB,4.1 GHz,128 GB SSD,,Intel,Integrated,Bluetooth,,2,2,
https://www.amazon.com//ASUS-VivoBook-Display-N4020Processor-R565MA-RB05/dp/B09X9BP45X/ref=sr_1_38?keywords=laptop&qid=1653585564&sr=8-38,ASUS VivoBook 15 R565MA Thin,$369.99 ,15.6,1366 X 768 pixels,,intel_celeron,DDR4,4 GB,2.8 GHz,1 TB HDD,,Intel,Integrated,,,2,1,
https://www.amazon.com//ASUS-VivoBook-i3-1005G1-Fingerprint-F512JA-AS34/dp/B08FQJ7JT2/ref=sr_1_115?keywords=laptop&qid=1653585581&sr=8-115,ASUS VivoBook 15 Thin and,$388.87 ,15.6,1920 x 1080 pixels,1920 x 1080 Pixels,core_i3,DDR4,8 GB,3.4 GHz,128 GB SSD,Intel UHD Graphics,Intel,Integrated,802.11ac,8 GB,2,,
https://www.amazon.com//ASUS-VivoBook-i5-1135G7-Processor-S533EA-DH51-GN/dp/B08KH5HWG9/ref=sr_1_167?keywords=laptop&qid=1653585589&sr=8-167,ASUS VivoBook S15 S533 Thin,$609.98 ,15,1920 x 1080 pixels,1920 x 1080 Pixels,core_i5,DDR4,8 GB,2666 MHz,512 GB SSD,Intel Iris Xe Graphics,Intel,Integrated,"Bluetooth, 802.11ax",8 GB,2,2,
https://www.amazon.com//ASUS-VivoBook-i5-1135G7-Processor-S533EA-DH51-RD/dp/B08KGYMZRJ/ref=sr_1_40?keywords=laptop&qid=1653585564&sr=8-40,ASUS VivoBook S15 S533 Thin,$699.99 ,15.6,1920 x 1080 pixels,1920 x 1080 Pixels,core_i5,DDR4,8 GB,2666 MHz,512 GB SSD,Intel Iris Xe Graphics,Intel,Integrated,"Bluetooth, 802.11ax",8 GB,2,2,
https://www.amazon.com//ASUS-VivoBook-i7-1165G7-Fingerprint-K513EQ-PB79/dp/B09F2VJGHJ/ref=sr_1_34?keywords=laptop&qid=1653585564&sr=8-34,ASUS VivoBook 15 K513 Thin,$949.99 ,15.6,1920 x 1080 pixels,1920 x 1080 Pixels,core_i7,DDR4,16 GB,3200 MHz,512 GB SSD,NVIDIA GeForce MX350,NVIDIA,GeForce MX350,"Bluetooth, 802.11ax",2 GB,2,2,
https://www.amazon.com//ASUS-VivoBook-OLED-Laptop-WQUXGA/dp/B09NMS7S1K/ref=sr_1_94?keywords=laptop&qid=1653585574&sr=8-94,ASUS VivoBook Pro 16X OLED,"$1,599.99 ",16,3840 x 2400 pixels,3840 x 2400 Pixels,ryzen_9,DDR4,32 GB,4.6 GHz,1 TB SSD,NVIDIA GeForce RTX,NVIDIA,RTX 3050Ti,"Bluetooth, 802.11ax",32 GB,2,2,
https://www.amazon.com//Asus-X512DA-BTS2020RL-15-6-Full-Laptop/dp/B08G8SJZ2R/ref=sr_1_107?keywords=laptop&qid=1653585578&sr=8-107,"Asus X512DA-BTS2020RL 15.6"" Full HD",$529.99 ,15.6,,1920 x 1080 Pixels,ryzen_5,DDR,8 GB,,512 GB ssd,AMD Radeon Vega 8,AMD,Dedicated,802.11ac,,,,5 Hours
https://www.amazon.com//Asus-Zenbook-6-Cores-Graphics-Bluetooth/dp/B097QCJZGL/ref=sr_1_41?keywords=laptop&qid=1653585564&sr=8-41,Asus Zenbook 14 inch FHD,$536.00 ,14,1920x1080,1920 x 1080 Pixels,ryzen_5,LPDDR4,8 GB,,256 GB SSD,NVIDIA GeForce MX450,NVIDIA,Dedicated,802.11ax,,1,2,
https://www.amazon.com//ASUS-ZenBook-Display-GeForce-UM535QE-XH91T/dp/B09LYJZ8YC/ref=sr_1_72?keywords=laptop&qid=1653585570&sr=8-72,ASUS ZenBook Pro 15 OLED,"$1,449.00 ",15.6,2560 x 1080 pixels,1920 x 1080 Pixels,ryzen_9,DDR4,16 GB,,1 TB SSD,NVIDIA GeForce RTX 3050 Ti,NVIDIA,RTX 3050 Ti,"Bluetooth, 802.11ac",,,2,
https://www.amazon.com//ASUS-ZenBook-OLED-Space-Laptop/dp/B09TD1FTP7/ref=sr_1_67?keywords=laptop&qid=1653585570&sr=8-67,ASUS ZenBook 14X OLED Space,"$1,999.99 ",14,,2880 x 1800 Pixels,core_i9,Lpddr,32 GB,,1 TB SSD,,Intel,Integrated,Bluetooth,,,1,
https://www.amazon.com//ASUS-Zenbook-Ultra-Laptop-WQXGA/dp/B09V1S1M2Q/ref=sr_1_113?keywords=laptop&qid=1653585581&sr=8-113,ASUS Zenbook 14 Flip OLED,"$1,099.99 ",14,,2880 x 1800,ryzen_7,DDR4,16 GB,,512 GB SSD,,AMD,Integrated,Bluetooth,,,2,
https://www.amazon.com//ASUS-Zephyrus-14-inch-GeForce-GA401IH-BR7N2BL/dp/B08CZLW29Z/ref=sr_1_304?keywords=laptop&qid=1653585614&sr=8-304,ASUS ROG Zephyrus G14 14-inch,$934.99 ,14,1920 x 1080,1920 x 1080 Pixels,ryzen_7,DDR4,8 GB,,512 GB SSD,NVIDIA,NVIDIA,Dedicated,802.11ac,,1,1,10 Hours
https://www.amazon.com//ASUS-Zephyrus-Gaming-GeForce-Moonlight/dp/B088PDB63Z/ref=sr_1_109?keywords=laptop&qid=1653585578&sr=8-109,ASUS - ROG Zephyrus G14,"$1,389.00 ",14,,1920 x 1080 Lines Per Inch,amd_r_series,,16 GB,3200 MHz,1 TB SSD,NVIDIA GeForce RTX 2060,NVIDIA,Dedicated,,16,,,
https://www.amazon.com//ASUS-Zephyrus-Gaming-GeForce-Moonlight/dp/B093TX6BLC/ref=sr_1_154?keywords=laptop&qid=1653585587&sr=8-154,"ASUS - ROG Zephyrus 14""","$1,359.99 ",14,,1920 x 1080 Pixels,ryzen_9,DDR4,16 GB,,1 TB SSD,NVIDIA GeForce RTX 3060,Asca,Dedicated,Bluetooth,6,,,
https://www.amazon.com//ASUS-Zephyrus-i7-10875H-Thunderbolt-GX502LXS-XS79/dp/B0876MBLTN/ref=sr_1_103?keywords=laptop&qid=1653585578&sr=8-103,ASUS ROG Zephyrus S15 Gaming,"$2,882.41 ",15.6,1920 x 1080 pixels,1920 x 1080 Pixels,core_i7,DDR4,32 GB,3200 MHz,512 GB SSD,NVIDIA GeForce RTX 2080,NVIDIA,RTX 2080 Super,"Bluetooth, 802.11ax",8 GB,,4,
https://www.amazon.com//ConceptD-CC314-72G-72SX-Convertible-i7-10750H-Validated/dp/B0891RM7DM/ref=sr_1_53?keywords=laptop&qid=1653585567&sr=8-53,Acer ConceptD 3 Ezel CC314-72G-72SX,"$1,499.99 ",14,,1920 x 1080 Pixels,core_i7,DDR4,16 GB,2.6 GHz,512 GB SSD,NVIDIA GeForce GTX 1650,NVIDIA,Dedicated,802.11ax,4 GB,,3,14 Hours
https://www.amazon.com//Dell-Alienware-M15-R6-I5-11400H/dp/B09NP6RJ4Z/ref=sr_1_248?keywords=laptop&qid=1653585606&sr=8-248,Dell Alienware M15 R6 (Latest,"$1,149.99 ",15.6,,1920 X 1080 Pixels,core_i5,DDR4,8 GB,4.5 GHz,256 GB SSD,NVIDIA RTX 3060 6GB GDDR6,,,"5.8 GHz Radio Frequency, 802.11n, 802.11abg",,,,
https://www.amazon.com//Dell-Chromebook-3120-Celeron-Storage/dp/B07V1W1T8S/ref=sr_1_24?keywords=laptop&qid=1653585561&sr=8-24,Dell Touchscreen Chromebook 11 3120,$59.99 ,11.6,,1366 x 768 Pixels,intel_celeron,DDR3,4 GB,,32 GB SSD,Intel HD Graphic,Intel,Integrated,Bluetooth,,1,,10 Hours
https://www.amazon.com//Dell-G15-GeForce-HDMI2-1-Keyboard/dp/B0B1C1RD3S/ref=sr_1_91?keywords=laptop&qid=1653585574&sr=8-91,"2022 Dell G15 15.6"" 120Hz","$1,349.00 ",15.6,1920x1080,1920x1080 Pixels,ryzen_7,DDR4,32 GB,3200 MHz,1 TB SSD,NVIDIA GeForce RTX 3050 Ti,NVIDIA,Dedicated,802.11ax,4 GB,2,2,6 Hours
https://www.amazon.com//Dell-G15-i7-11800H-GeForce-Keyboard/dp/B0B1C1VWTZ/ref=sr_1_137?keywords=laptop&qid=1653585584&sr=8-137,"2022 Dell G15 15.6"" 120Hz","$1,299.00 ",15.6,1920x1080,1920x1080 Pixels,core_i7,DDR4,16 GB,3200 MHz,1 TB SSD,NVIDIA GeForce RTX 3050,NVIDIA,Dedicated,802.11ax,4 GB,2,2,6 Hours
https://www.amazon.com//Dell-G3-15-3500-i7-10750H/dp/B089HR6CQP/ref=sr_1_184?keywords=laptop&qid=1653585592&sr=8-184,"Dell Gaming G3 15 3500,","$1,699.00 ",15.6,1920 x 1080 pixels,1920 x 1080 Pixels,core_i7,DDR4,16 GB,2933 MHz,512 GB SSD,NVIDIA GeForce RTX 2060,NVIDIA,NVIDIA GeForce RTX2060,Bluetooth,6 GB,2,2,
https://www.amazon.com//Dell-Inspiron-15-6-inch-i5-1135G7-Laptop/dp/B095RZ62BX/ref=sr_1_46?keywords=laptop&qid=1653585564&sr=8-46,Dell Inspiron 15 3000 15.6-inch,$560.00 ,15.6,1920 x 1080,1920 x 1080 Pixels,core_i5,DDR4,12 GB,,256 GB SSD,Intel Iris Xe Graphics,Intel,,Bluetooth,,,,
https://www.amazon.com//Dell-Inspiron-15-6-inch-Quad-Core-Windows/dp/B094L3BYRP/ref=sr_1_213?keywords=laptop&qid=1653585597&sr=8-213,Dell Inspiron 15.6-inch Full HD,$506.00 ,15.6,1920 x 1080,1920 x 1080 Pixels,ryzen_3,DDR,8 GB,3.5 GHz,256 GB SSD,AMD Radeon Vega 8,AMD,,Bluetooth,,,,
https://www.amazon.com//Dell-Inspiron-15-Touchscreen-i7-1165G7/dp/B09MCX6ZYN/ref=sr_1_47?keywords=laptop&qid=1653585564&sr=8-47,Dell Inspiron 15 Touchscreen Laptop,$885.00 ,15.6,1920x1080,1920 x 1080 Pixels,core_i7,DDR4,16 GB,2.8 GHz,1 TB SSD,‎‎Intel Iris Xe Graphics,Intel,,Bluetooth,,,,
https://www.amazon.com//Dell-Inspiron-15-Touchscreen-i7-1165G7/dp/B09MCXNNT5/ref=sr_1_279?keywords=laptop&qid=1653585611&sr=8-279,Dell Inspiron 15 Touchscreen Laptop,$889.00 ,15.6,1920x1080,1920 x 1080 Pixels,core_i7,DDR4,16 GB,2.8 GHz,512 GB SSD,‎‎Intel Iris Xe Graphics,Intel,,Bluetooth,,,,
https://www.amazon.com//Dell-Inspiron-2-Touch-Screen-i7300-5395SLV-PUS/dp/B08DRQ8ZH6/ref=sr_1_201?keywords=laptop&qid=1653585595&sr=8-201,Dell - Inspiron 13 7000,$720.00 ,13.3,,,core_i5,LPDDR3,8 GB,1.6 GHz,512 GB SSD,,Intel,,,,,,
https://www.amazon.com//Dell-Inspiron-3511-Non-Touch-Laptop/dp/B09F3P7VB9/ref=sr_1_243?keywords=laptop&qid=1653585606&sr=8-243,"Dell Inspiron 15 3511, 15.6",$619.00 ,15.6,1920 x 1080 pixels,1920 x 1080 Pixels,core_i5,DDR4,12 GB,2666 MHz,256 GB SSD,Intel Iris Xe Graphics,Intel,Integrated,Bluetooth,4 GB,1,2,
https://www.amazon.com//Dell-Inspiron-3511-Non-Touch-Laptop/dp/B09GYN91J9/ref=sr_1_169?keywords=laptop&qid=1653585589&sr=8-169,Dell Inspiron 15 3511 15.6,$455.98 ,15.6,1920 x 1080 pixels,1920 x 1080 Pixels,core_i3,DDR4,8 GB,2666 MHz,256 GB SSD,Intel UHD Graphics,Intel,Intel UHD Graphics with shared graphics memory,Bluetooth,,1,2,
https://www.amazon.com//Dell-Inspiron-3583-Laptop-Celeron/dp/B08HSNRFTX/ref=sr_1_97?keywords=laptop&qid=1653585578&sr=8-97,Dell Inspiron 3583 15” Laptop,$324.00 ,15.6,,,intel_celeron,DDR4,4 GB,1.6 GHz,512 GB HDD,Intel HD Graphics 610,Intel,,Bluetooth,,,,
https://www.amazon.com//Dell-Inspiron-5515-Touchscreen-Laptop/dp/B09FN9QZS7/ref=sr_1_78?keywords=laptop&qid=1653585570&sr=8-78,"Dell Inspiron 15 5515, 15.6",$873.00 ,15.6,1920 x 1080 pixels,1920 x 1080 Pixels,ryzen_7,DDR4,16 GB,3200 MHz,512 GB SSD,AMD Radeon™ Graphics,AMD,Windows 11,Bluetooth,,,3,
https://www.amazon.com//Dell-Inspiron-7000-Touchscreen-i5-1135G7/dp/B09MF2WRD9/ref=sr_1_254?keywords=laptop&qid=1653585606&sr=8-254,2021 Dell Inspiron 7000 2-in-1,$799.00 ,13.3,,1920 x 1080 Pixels,core_i5,DDR4,8 GB,,512 GB ssd,Intel Iris Xe Graphics,Intel,,Bluetooth,,,,
https://www.amazon.com//Dell-Inspiron-Business-i7-1165G7-Keyboard/dp/B08ND1FZ39/ref=sr_1_156?keywords=laptop&qid=1653585587&sr=8-156,2021 Newest Dell Inspiron 5510,"$1,449.99 ",15.6,1920x1080,1920 x 1080 Pixels,core_i7,SDRAM,32 GB,,1 TB SSD,Intel Iris Xe Graphics,Intel,,802.11ac,,,,
https://www.amazon.com//Dell-Inspiron-Convertible-Display-i7-1165G7/dp/B09JQCK2R9/ref=sr_1_173?keywords=laptop&qid=1653585589&sr=8-173,Newest Dell Inspiron 7000 2-in-1,"$1,569.99 ",17,,2736 x 1824 Pixels,core_i7,DDR4,32 GB,,512 GB SSD,Intel,Intel,Integrated,Bluetooth,,,,
https://www.amazon.com//Dell-Inspiron-i5-1135G7-Quad-Core-Processor/dp/B081FDK94Y/ref=sr_1_111?keywords=laptop&qid=1653585578&sr=8-111,2021 Newest Dell Inspiron 15,$668.00 ,15.6,,1920 x 1080 Pixels,core_i5,DDR4,16 GB,3.6 GHz,1 TB HDD,Intel UHD Graphics,Intel,,Bluetooth,,,,10 Hours
https://www.amazon.com//Dell-Inspiron-i7-11390H-Geforce-Thunderbolt4/dp/B09YTYXFNB/ref=sr_1_178?keywords=laptop&qid=1653585592&sr=8-178,2022 Dell Inspiron 5510 Laptop,"$1,399.99 ",15.6,1920x1080,1920 x 1080 Pixels,core_i7,DDR4,32 GB,,1 TB SSD,NVIDIA GeForce MX450,NVIDIA,Dedicated,802.11ax,2 GB,,3,
https://www.amazon.com//Dell-Inspiron-i7-11390H-Thunderbolt4-0-Fingerprint/dp/B09SLLC612/ref=sr_1_6?keywords=laptop&qid=1653585547&sr=8-6,2022 Dell Inspiron 5510 15.6”,"$1,399.99 ",15.6,1920x1080,1920 x 1080 Pixels,core_i7,DDR4,32 GB,,1 TB SSD,NVIDIA GeForce MX450,NVIDIA,Dedicated,802.11ax,2 GB,,3,
https://www.amazon.com//Dell-Inspiron-Intel-Platform-Laptop/dp/B09R7NFN4B/ref=sr_1_252?keywords=laptop&qid=1653585606&sr=8-252,"Dell Inspiron 13.3"" Intel Evo",$729.99 ,13.3,,1920 x 1200 Pixels,core_i5,LPDDR4X,16 GB,,512 GB SSD,Intel Iris Xe Graphics,Intel,,,,,,
https://www.amazon.com//Dell-Inspiron-Touchscreen-i5-1135G7-Bluetooth/dp/B09RMTZG2Q/ref=sr_1_162?keywords=laptop&qid=1653585589&sr=8-162,2022 Dell Inspiron I3000 15.6”,$669.99 ,15.6,1920x1080,1920 x 1080 Pixels,core_i5,DDR4,8 GB,3200 MHz,256 GB SSD,Intel Iris Xe Graphics,Intel,Integrated,802.11ac,,,3,
https://www.amazon.com//Dell-Inspiron-Touchscreen-Quad-Core-i7-1165G7/dp/B09WXYZSW6/ref=sr_1_165?keywords=laptop&qid=1653585589&sr=8-165,2022 Newest Dell Inspiron 3000,"$1,199.99 ",15.6,1920x1080,1920 x 1080 Pixels,core_i7,DDR4,16 GB,,1 TB SSD,Intel Iris Xe Graphics,Intel,Integrated,802.11a/g/n/ac,,1,2,
https://www.amazon.com//Dell-Latitude-3000-3420-Notebook/dp/B095KNYVJ9/ref=sr_1_147?keywords=laptop&qid=1653585587&sr=8-147,"Dell Latitude 3000 3420 14""","$1,091.97 ",14,1920 x 1080 pixels,1920 x 1080 Pixels,core_i7,DDR4,8 GB,2.8 GHz,256 GB SSD,Intel Iris Xe Graphics,Intel,Iris Xe Graphics,"Bluetooth, 802.11ax",,,,
https://www.amazon.com//Dell-Latitude-3520-Touch-Laptop/dp/B094YZ24KG/ref=sr_1_92?keywords=laptop&qid=1653585574&sr=8-92,"Dell Latitude 3520, 15.6 inch",$770.95 ,15.6,,1920 x 1080,core_i5,DDR4,8 GB,3200 MHz,256 GB SSD,,Intel,Integrated,Bluetooth,,2,,10 Hours
https://www.amazon.com//Dell-Latitude-i7-8650U-Certified-Refurbished/dp/B07D5FRTLV/ref=sr_1_33?keywords=laptop&qid=1653585564&sr=8-33,Dell Latitude 7490 Intel Core,$419.00 ,14,1920x1080,1920 x 1080,core_i7,DDR4,16 GB,3.9 GHz,512 GB SSD,,Intel,Intel Kabylake Graphics,Bluetooth,,,,
https://www.amazon.com//Dell-Latitude-Rugged-14-Professional/dp/B07D93QK45/ref=sr_1_79?keywords=laptop&qid=1653585570&sr=8-79,Dell Latitude 5414 Rugged Business,$619.80 ,14,1920 x 1080,,core_i5,DDR4,8 GB,2133 MHz,512 GB SSD,Intel HD,Intel,Integrated,802.11ac,,,,
https://www.amazon.com//Dell-Precision-M4800-Ultrapowerful-Workstation/dp/B07TSFRJSW/ref=sr_1_290?keywords=laptop&qid=1653585614&sr=8-290,Dell Precision M4800 15.6 FHD,$718.21 ,15.6,1920x1080,1920 x 1080,core_i7,DDR3,32 GB,3.8 GHz,1 TB HDD,Nvidia Quadro K2100M Graphics,NVIDIA,Dedicated,802.11ac,,,,
https://www.amazon.com//Dell-Precision-Notebook-Computer-i7-8850H/dp/B08FP1RDHH/ref=sr_1_288?keywords=laptop&qid=1653585611&sr=8-288,Dell Precision 5530 15.6” FHD,$849.00 ,15.6,,1920 x 1080,core_i7,DDR4,32 GB,2.6 GHz,1 TB SSD,NVIDIA Quadro P1000,NVIDIA,Dedicated,Bluetooth,,,,
https://www.amazon.com//Dell-Precision-Workstation-Business-E3-1535M/dp/B07ND4G5XK/ref=sr_1_105?keywords=laptop&qid=1653585578&sr=8-105,Dell Precision 7510 FHD 15.6in,"$1,899.98 ",15.6,3840x2160,,intel_xeon,DDR4,16 GB,2133,512 GB SSD,NVIDIA,NVIDIA,NVIDIA Quadro M1000M 2GB GDDR5,"802.11abg, 802.11ag, 802.11bgn",4 GB,,,
https://www.amazon.com//Dell-Touchscreen-Screen-Laptop-13-4/dp/B08XFVYWD1/ref=sr_1_75?keywords=laptop&qid=1653585570&sr=8-75,Dell XPS 9310 Thin and,"$2,249.99 ",13.4,3456 x 2160,3456 x 2160 Pixels,core_i7,DDR4,32 GB,4267 MHz,2 TB SSD,Intel Iris Xe Graphics,Intel,Intel Iris Xe Graphics,Bluetooth,,,,
https://www.amazon.com//Dell-XPS-17-9710-i7-11800H/dp/B09HSVDRCH/ref=sr_1_206?keywords=laptop&qid=1653585595&sr=8-206,"Dell XPS 17 9710, 17""","$2,685.51 ",17,,3840 x 2400 Pixels,core_i7,DDR4,32 GB,,1 TB SSD,NVIDIA GeForce RTX 3060,NVIDIA,,,,,,
https://www.amazon.com//Evoo-Processor-GeForce-Keyboard-EG-LP7-BK/dp/B08KV8HP98/ref=sr_1_108?keywords=laptop&qid=1653585578&sr=8-108,"Evoo Gaming 15.6” Laptop, FHD,",$949.99 ,15.6,,1920 x 1080,ryzen_7,DDR4,16 GB,,512 GB SSD,NVIDIA GeForce RTX 2060,NVIDIA,Integrated,,,1,2,
https://www.amazon.com//Gateway-Notebook-Computer-i5-1035G1-Graphics/dp/B09FYN9MTY/ref=sr_1_212?keywords=laptop&qid=1653585597&sr=8-212,"2021 Gateway 15.6"" FHD Ultra",$519.00 ,15.6,,1920 x 1080 Pixels,ryzen_5,DDR4,16 GB,,256 GB SSD,AMD Radeon RX Vega 8,AMD,,Bluetooth,,,,
https://www.amazon.com//GIGABYTE-AERO-17-HDR-XD-73US524SP/dp/B093Z1PWCF/ref=sr_1_51?keywords=laptop&qid=1653585567&sr=8-51,GIGABYTE AERO 17 HDR XD,"$3,299.00 ",17.3,,3840 x 2160,core_i7,DDR4,16 GB,4.6 GHz,1 TB SSD,NVIDIA GeForce RTX 3070,NVIDIA,Dedicated,,8 GB,,3,
https://www.amazon.com//GIGABYTE-AORUS-17G-Anti-Glare-YD-73US345SH/dp/B0996812KP/ref=sr_1_54?keywords=laptop&qid=1653585567&sr=8-54,GIGABYTE AORUS 17G YD- 17.3”,"$2,549.00 ",17.3,,1920 x 1080,core_i7,DDR4,32 GB,4.6 GHz,512 GB SSD,,NVIDIA,Dedicated,,8 GB,,3,
https://www.amazon.com//GIGABYTE-U4-UD-i7-1195G7-UD-70US823SH/dp/B09KBJSSH7/ref=sr_1_42?keywords=laptop&qid=1653585564&sr=8-42,"GIGABYTE U4 UD - 14.0""",$717.93 ,14,,1920 x 1080,core_i7,DDR4,16 GB,,512 GB SSD,,Intel,Integrated,Bluetooth,512 MB,,3,
https://www.amazon.com//HP-14-inch-Celeron-Personal-14-cb185nr/dp/B084SKWC89/ref=sr_1_25?keywords=laptop&qid=1653585561&sr=8-25,"HP Stream 14-inch Laptop, Intel",$199.99 ,14,,1366 x 768 Pixels,intel_celeron,SDRAM,4 GB,2.6 GHz,64 GB SSD,,Intel,Integrated,"802.11a/b/g/n/ac, Bluetooth",,1,2,10 Hours
https://www.amazon.com//HP-14-Performance-Wireless-AC-Bluetooth/dp/B087N5LKNL/ref=sr_1_172?keywords=laptop&qid=1653585589&sr=8-172,"Newest HP 14"" HD WLED",$265.99 ,14,,,amd_athlon,DDR4,4 GB,3.2 GHz,128 GB SSD,,,,Bluetooth,,,,
https://www.amazon.com//HP-15-Inch-i5-1035G1-Solid-State-15-dy1036nr/dp/B085B5SXLY/ref=sr_1_170?keywords=laptop&qid=1653585589&sr=8-170,HP 15-dy1036nr 10th Gen Intel,$514.77 ,15.6,,1920 x 1080 Pixels,core_i5,SDRAM,8 GB,3.6 GHz,256 GB SSD,Intel UHD Graphics,Intel,Integrated,Bluetooth,,,3,10.25 Hours
https://www.amazon.com//HP-15-inch-Touchscreen-Windows-15-ef1020nr/dp/B084TRD5V1/ref=sr_1_110?keywords=laptop&qid=1653585578&sr=8-110,"HP 15-inch Touchscreen Laptop, AMD",$479.57 ,15.6,,1366 x 768 Pixels,ryzen_3,SDRAM,8 GB,2400 MHz,256 GB SSD,AMD Radeon Graphics,AMD,Integrated,"Bluetooth, 802.11b/n/ac",,,2,9.25 Hours
https://www.amazon.com//HP-17z-Touchscreen-Quad-Core-Processor/dp/B09KYBP9VX/ref=sr_1_289?keywords=laptop&qid=1653585614&sr=8-289,[Windows 11 Home] 2022 Newest,$729.00 ,17.3,1600 x 900,1600 x 900 Pixels,ryzen_3,DDR4,16 GB,3.8 GHz,1 TB SSD,AMD Radeon Graphics,AMD,,"Bluetooth, 802.11a",,,,
https://www.amazon.com//HP-316H8UA-Notebook-Computer-i5-1135G7/dp/B09PQP34L8/ref=sr_1_149?keywords=laptop&qid=1653585587&sr=8-149,"HP 316H8UA 17.3"" Full HD",$529.00 ,17.3,,1920 x 1080 Pixels,core_i5,,12 GB,,1 TB HDD,,Intel,Integrated,"Bluetooth, 802.11a",,,,
https://www.amazon.com//HP-Chromebook-11-inch-Laptop-11a-na0010nr/dp/B08HJT1BKQ/ref=sr_1_145?keywords=laptop&qid=1653585587&sr=8-145,HP Chromebook 11-inch Laptop -,$127.50 ,11.6,1366 x 768,1361 x 768 Pixels,mediatek,LPDDR4,4 GB,,32 GB SSD,MediaTek,MediaTek,Integrated,Bluetooth,,2,,15 Hours
https://www.amazon.com//HP-Chromebook-14-Inch-Celeron-14a-na0020nr/dp/B08529BZSQ/ref=sr_1_18?keywords=laptop&qid=1653585561&sr=8-18,"HP Chromebook 14-inch HD Laptop,",$121.49 ,14,1366 x 768,1366 x 768 Pixels,intel_celeron,LPDDR4,4 GB,2.6 GHz,32 GB SSD,Intel UHD Graphics 600,Intel,Integrated,,,,,13.5 Hours
https://www.amazon.com//HP-Chromebook-Micro-Edge-Touchscreen-14a-ca0023nr/dp/B099LR1LHL/ref=sr_1_198?keywords=laptop&qid=1653585595&sr=8-198,HP Chromebook x360 14a 2-in-1,$309.00 ,14,1366 x 768,1366 x 768 Pixels,intel_pentium,DDR4,4 GB,2400 MHz,64 GB SSD,Intel UHD Graphics 605,Intel,Integrated,"802.11a/b/g/n/ac, Bluetooth",,,,12 Hours
https://www.amazon.com//HP-Display-i3-1115G4-Windows-Bluetooth/dp/B09LJPW1SQ/ref=sr_1_32?keywords=laptop&qid=1653585561&sr=8-32,"New 2022 HP 17.3"" FHD",$589.00 ,17.3,1920x1080,1920 x 1080 Pixels,core_i3,,8 GB,4.1 GHz,256 GB SSD,Intel UHD Graphics,Intel,Integrated,Bluetooth,,,,8 Hours
https://www.amazon.com//HP-Display-i5-1135G7-i7-8500-Bluetooth/dp/B09L2DPHRV/ref=sr_1_30?keywords=laptop&qid=1653585561&sr=8-30,"New 2022 HP 17.3"" FHD",$559.99 ,17.3,1920x1080,1920 x 1080 Pixels,core_i5,DDR4,8 GB,3.6 GHz,512 GB SSD,Intel Iris Xe Graphics,Intel,Integrated,Bluetooth,,,3,6 Hours
https://www.amazon.com//HP-Generation-i5-1135G7-Graphics-17-cn0025nr/dp/B09FXLRBFQ/ref=sr_1_191?keywords=laptop&qid=1653585592&sr=8-191,"HP 17-inch Laptop, 11th Generation",$564.39 ,17.3,1600 x 900),1600 x 900 Pixels,core_i5,DDR4,8 GB,,256 GB SSD,Intel Iris Xe Graphics,Intel,Integrated,"Bluetooth, 802.11ax",8 GB,,3,8.15 Hours
https://www.amazon.com//HP-i5-10500-Numeric-Fingerprint-Natural/dp/B09DB3H45Q/ref=sr_1_196?keywords=laptop&qid=1653585595&sr=8-196,"HP 17.3"" FHD Laptop, AMD",$560.00 ,17.3,,1920 x 1080 Pixels,amd_r_series,DDR4,8 GB,,256 GB SSD,AMD Radeon™ graphics,AMD,,,,,,8 Hours
https://www.amazon.com//HP-i5-1135G7-17-3-inch-Anti-Glare-17-cn0021nr/dp/B08ZK18TWF/ref=sr_1_134?keywords=laptop&qid=1653585584&sr=8-134,"HP 17 Laptop, 11th Gen",$639.99 ,17.3,1600 x 900 pixels,1600 x 900 Pixels,core_i5,DDR4,8 GB,,256 GB SSD,Intel Iris Xe Graphics,Intel,Integrated,"Bluetooth, 802.11ax",,,,8 Hours
https://www.amazon.com//HP-i5-1135G7-17-3-inch-Bluetooth-Accessories/dp/B09LLTN3HV/ref=sr_1_118?keywords=laptop&qid=1653585581&sr=8-118,"HP 17 Laptop, 11th Gen",$589.00 ,17.3,1920x1080,1920 x 1080 Pixels,core_i5,DDR4,8 GB,2666 MHz,512 GB SSD,Intel Iris Xᵉ Graphics Integrated,Intel,Integrated,802.11a/b/g/n/ac,,,,
https://www.amazon.com//HP-i5-1135G7-Processor-Lightweight-15-dy2021nr/dp/B08KGZ79N6/ref=sr_1_293?keywords=laptop&qid=1653585614&sr=8-293,"HP 15 Laptop, 11th Gen",$572.34 ,15.6,1920 x 1080 pixels,1920 x 1080 Pixels,core_i5,DDR4,8 GB,,256 GB SSD,Intel Iris,Intel,Integrated,"Bluetooth, 802.11ax",,,,8 Hours
https://www.amazon.com//HP-i7-1165G7-Graphics-Windows-Accessories/dp/B09RQC9D9W/ref=sr_1_223?keywords=laptop&qid=1653585597&sr=8-223,2022 Newest HP 17.3 FHD,"$1,149.99 ",17.3,1920x1080,1920 x 1080 Pixels,core_i7,DDR4,16 GB,,1 TB SSD,Intel Iris Xe Graphics,Intel,Integrated,802.11ax,,,3,8 Hours
https://www.amazon.com//HP-i7-1165G7-Processor-Micro-Edge-15-eg0025nr/dp/B09FX1YF28/ref=sr_1_96?keywords=laptop&qid=1653585574&sr=8-96,"HP Pavilion 15 Laptop, 11th",$843.30 ,15.6,1920 x 1080,1920 x 1080 Pixels,core_i7,DDR4,16 GB,,512 GB SSD,Intel Iris Xe Graphics,Intel Iris Xe Graphics,Integrated,"Bluetooth, 802.11ax",16 GB,,3,8 Hours
https://www.amazon.com//HP-i7-11800H-GeForce-Backlit-Thunderbolt4/dp/B09Y8M3X1K/ref=sr_1_264?keywords=laptop&qid=1653585608&sr=8-264,"2022 HP Omen 17.3"" 144","$1,899.00 ",17.3,1920x1080,1920x1080 Pixels,core_i7,DDR4,32 GB,3200 MHz,2 TB SSD,Nvidia GeForce RTX 3060 6GB,NVIDIA,Dedicated,802.11ax,6 GB,,4,6 Hours
https://www.amazon.com//HP-Laptop-i5-1135G7-Windows-Natural/dp/B0977R5GK6/ref=sr_1_127?keywords=laptop&qid=1653585581&sr=8-127,"HP 15.6"" Full HD (1920",$500.00 ,15.6,1920 x 1080,1920 x 1080 Pixels,core_i5,,8 GB,2666 MHz,256 GB SSD,Intel Iris Xe Graphics,Intel,Integrated,,,1,,
https://www.amazon.com//HP-Laptop-TOUCH-INDIGO-14-fq0040nr/dp/B08LLH5VQ5/ref=sr_1_138?keywords=laptop&qid=1653585584&sr=8-138,"HP 14 Laptop, AMD 3020e,",$399.00 ,14,1366 x 768 pixels,1366 x 768 Pixels,amd_e_series,DDR4,4 GB,2400 MHz,64 GB SSD,AMD,AMD,Integrated,Bluetooth,,,,9 Hours
https://www.amazon.com//HP-Micro-edge-Microsoft-14-dq0040nr-Snowflake/dp/B0947BJ67M/ref=sr_1_241?keywords=laptop&qid=1653585606&sr=8-241,"HP 14 Laptop, Intel Celeron",$199.99 ,14,1366 x 768 pixels,1366 x 768 Pixels,intel_celeron,DDR4,4 GB,,64 GB SSD,,Intel,Integrated,"802.11a/b/g/n/ac, Bluetooth",,,,10 Hours
https://www.amazon.com//HP-Non-Touch-i7-1165G7-Quad-Core-Processor/dp/B09X619XMG/ref=sr_1_85?keywords=laptop&qid=1653585574&sr=8-85,"2022 Newest HP 17t Laptop,","$1,139.00 ",17.3,,1600 x 900 Pixels,core_i7,DDR4,64 GB,2.8 GHz,1 TB SSD,Intel Iris Xe Graphics,Intel,,Bluetooth,,,,
https://www.amazon.com//HP-Notebook-Display-3-3250U-Processor/dp/B09WX9TDM1/ref=sr_1_3?keywords=laptop&qid=1653585547&sr=8-3,"2022 Newest HP Notebook Laptop,",$499.00 ,14,,1920 x 1080 Pixels,ryzen_3,DDR4,16 GB,3.5 GHz,512 GB SSD,AMD Radeon Graphics,AMD,,"Bluetooth, 802.11a",,,,
https://www.amazon.com//HP-Notebook-Touchscreen-Processor-Bluetooth/dp/B09XBYCRC8/ref=sr_1_81?keywords=laptop&qid=1653585574&sr=8-81,"Newest HP Notebook Laptop, 15.6""",$509.00 ,15.6,,1366 x 768 Pixels,ryzen_3,DDR4,8 GB,3.5 GHz,256 GB SSD,AMD Radeon Graphics,AMD,,"Bluetooth, 802.11a",,,,
https://www.amazon.com//HP-Pavilion-Gaming-Laptop-GeForce/dp/B08P6MRZBG/ref=sr_1_120?keywords=laptop&qid=1653585581&sr=8-120,"HP - Pavilion 15.6"" Gaming",$675.42 ,15.6,,1920 x 1080 Pixels,amd_r_series,,8 GB,,256 GB SSD,NVIDIA GeForce GTX 1650,NVIDIA,Dedicated,802.11ac,,,,
https://www.amazon.com//HP-Pavilion-Graphics-Micro-Edge-Anti-Glare/dp/B09FFVNJPF/ref=sr_1_135?keywords=laptop&qid=1653585584&sr=8-135,HP Pavilion Premium Laptop (2021,$499.00 ,15.6,1920 x 1080,1920 x 1080 Pixels,amd_athlon,DDR4,16 GB,3.2 GHz,512 GB SSD,AMD Radeon Graphics,AMD,,"Bluetooth, 802.11a/b/g/n/ac",,,,8 Hours
https://www.amazon.com//HP-Pavilion-i3-1115G4-Processor-Anti-Glare/dp/B09SVRH1F6/ref=sr_1_132?keywords=laptop&qid=1653585584&sr=8-132,"HP Pavilion Laptop (2022 Model),",$629.00 ,17.3,,1920 x 1080 Pixels,core_i3,DDR4,16 GB,4.1 GHz,512 GB SSD,Intel UHD Graphics,Intel,,"Bluetooth, 802.11a",,,,
https://www.amazon.com//HP-Pavilion-Quad-core-Processor-Bluetooth/dp/B0985RPB47/ref=sr_1_220?keywords=laptop&qid=1653585597&sr=8-220,"2021 Newest 15.6"" HP Pavilion",$589.00 ,15.6,,1366 x 768 Pixels,intel_pentium,DDR4,16 GB,2.7 GHz,1 TB SSD,Intel UHD Graphics 605,Intel,,"Bluetooth, 802.11a",,,,13 Hours
https://www.amazon.com//HP-Pavilion-Touchscreen-i7-1065G7-Quad-Core/dp/B0921P31PT/ref=sr_1_240?keywords=laptop&qid=1653585602&sr=8-240,"2022 Newest HP Notebook Laptop,",$649.00 ,14,,1366 x 768 Pixels,amd_r_series,DDR4,16 GB,3.5 GHz,1 TB SSD,AMD Radeon Graphics,Intel,,Bluetooth,,,,
https://www.amazon.com//HP-Pavilion-Touchscreen-i7-1165G7-Bluetooth/dp/B09T2VDGYX/ref=sr_1_299?keywords=laptop&qid=1653585614&sr=8-299,"2022 HP Pavilion 15.6"" FHD","$1,349.00 ",15.6,1920x1080,1920 x 1080 Pixels,core_i7,DDR4,32 GB,,1 TB SSD,Intel Iris Xe Graphics,Intel,Integrated,802.11ax,,,3,
https://www.amazon.com//HP-Pavilion-Touchscreen-i7-1195G7-Bluetooth/dp/B09RJWXQS1/ref=sr_1_266?keywords=laptop&qid=1653585608&sr=8-266,"2022 HP Pavilion 15.6"" FHD","$1,349.00 ",15.6,1920x1080,1920 x 1080 Pixels,core_i7,DDR4,32 GB,,1 TB SSD,Intel Iris Xe Graphics,Intel,Integrated,802.11ax,,,3,
https://www.amazon.com//HP-Pavilion-Touchscreen-i7-1195G7-Bluetooth/dp/B09XBTGWFT/ref=sr_1_128?keywords=laptop&qid=1653585581&sr=8-128,2022 Newest HP Pavilion Business,"$1,099.00 ",15.6,,1920 x 1080 Pixels,core_i7,DDR4,16 GB,,1 TB SSD,GeForce MX350,NVIDIA,Dedicated,Bluetooth,,,,"7.0, 13.0 Hours"
https://www.amazon.com//HP-Pavilion-Ultralight-Graphics-Bluetooth/dp/B09SLJH14S/ref=sr_1_217?keywords=laptop&qid=1653585597&sr=8-217,2022 HP Pavilion Aero Ultralight,$789.00 ,13.3,1920x1200,3840 x 2160 Pixels,ryzen_7,DDR4,16 GB,,512 GB SSD,Radeon Graphics,AMD,Integrated,802.11ax,,,3,
https://www.amazon.com//HP-Performance-Pavilion-15-Touchscreen/dp/B08PTH89J3/ref=sr_1_224?keywords=laptop&qid=1653585597&sr=8-224,HP High Performance Pavilion 15,$820.00 ,15.6,1920x1080,1920x1080 Pixels,core_i7,SDRAM,8 GB,,512 GB SSD,Intel Iris Xe Graphics,NVIDIA,,802.11ax,,,,8 Hours
https://www.amazon.com//HP-Processor-Bluetooth-Silmarils-Accessories/dp/B09YP3NH3Y/ref=sr_1_242?keywords=laptop&qid=1653585606&sr=8-242,2022 HP 14-inch Diagonal HD,$239.00 ,14,,1366 x 768 Pixels,intel_celeron,DDR4,4 GB,2.6 GHz,64 GB SSD,Intel UHD Graphics 600,Intel,,"Bluetooth, 802.11a",,,,
https://www.amazon.com//HP-Processor-Micro-Edge-Long-Lasting-15-ef2024nr/dp/B09J1PS4TG/ref=sr_1_291?keywords=laptop&qid=1653585614&sr=8-291,"HP 15 Laptop, AMD Ryzen",$456.72 ,15,1366 x 768,1366 x 768 Pixels,ryzen_3,DDR4,8 GB,,256 GB SSD,AMD Radeon Graphics,AMD Radeon Graphics,Integrated,"Bluetooth, 802.11a",8 GB,,3,9.3 Hours
https://www.amazon.com//HP-Storage-Touchscreen-Microsoft-14-fq0040nr/dp/B08CM17RPZ/ref=sr_1_16?keywords=laptop&qid=1653585547&sr=8-16,"HP 14 Laptop, AMD 3020e,",$229.00 ,14,1366 x 768 pixels,1366 x 768 Pixels,amd_e_series,DDR4,4 GB,2400 MHz,64 GB SSD,AMD Radeon,AMD,Integrated,"Bluetooth, 802.11a/b/g/n/ac",,,,9 Hours
https://www.amazon.com//HP-Storage-Touchscreen-Microsoft-14-fq0050nr/dp/B08CM6Q55C/ref=sr_1_14?keywords=laptop&qid=1653585547&sr=8-14,"HP 14 Laptop, AMD 3020e,",$209.99 ,14,1366 x 768 pixels,1366 x 768 Pixels,amd_e_series,DDR4,4 GB,2400 MHz,64 GB SSD,AMD Radeon,AMD,Integrated,"Bluetooth, 802.11a/b/g/n/ac",,,,9 Hours
https://www.amazon.com//HP-Touchscreen-Computer-Quard-Core-Bluetooth/dp/B08BMLZKL2/ref=sr_1_195?keywords=laptop&qid=1653585595&sr=8-195,"2020 HP 15.6"" Touchscreen Laptop",$531.60 ,15.6,,1366x768 Pixels,core_i5,DDR4,12 GB,3.6 GHz,256 GB ssd,Intel UHD Graphics,Intel,Integrated,Bluetooth,,,,
https://www.amazon.com//HP-Touchscreen-i7-1165G7-Graphics-Accessories/dp/B09W8CYJ2V/ref=sr_1_186?keywords=laptop&qid=1653585592&sr=8-186,2022 Newest HP 17.3 HD+,"$1,199.99 ",17.3,1600x900,1600 x 900 Pixels,core_i7,DDR4,16 GB,,1 TB SSD,Intel Iris Xe Graphics,Intel,Integrated,802.11ax,,,3,8 Hours
https://www.amazon.com//HP-Touchscreen-i7-1165G7-Processor-Fingerprint/dp/B09R5SKVTQ/ref=sr_1_287?keywords=laptop&qid=1653585611&sr=8-287,"Newest HP 15t Business Laptop,","$1,079.00 ",15.6,,1920 x 1080 Pixels,core_i7,DDR4,32 GB,2.8 GHz,512 GB SSD,Intel Iris Xe Graphics,Intel,,Bluetooth,,,,
https://www.amazon.com//HP-Touchscreen-Portable-Microsoft-14-dq0070nr/dp/B0949SGBF8/ref=sr_1_5?keywords=laptop&qid=1653585547&sr=8-5,"HP 14 Laptop, Intel Celeron",$299.00 ,14,1366 x 768 pixels,1366 x 768 Pixels,intel_celeron,DDR4,4 GB,,64 GB SSD,,Intel,Integrated,"802.11a/b/g/n/ac, Bluetooth",,,,10 Hours
https://www.amazon.com//HP-X360-Convertible-Touch-Screen-i3-1005G1/dp/B08CDTP2Q1/ref=sr_1_270?keywords=laptop&qid=1653585608&sr=8-270,HP 2020 Newest Pavilion X360,$487.00 ,14,1366x768,1366X768 Pixels,core_i3,DDR4,8 GB,3.4 GHz,128 GB SSD,Intel UHD Graphics,Intel,,Bluetooth,,1,,
https://www.amazon.com//Hyundai-Laptop-Performance-Business-Student/dp/B095G15SBJ/ref=sr_1_166?keywords=laptop&qid=1653585589&sr=8-166,Hyundai | 14 Inch Laptop,$239.99 ,14.1,,1366 x 768 Pixels,intel_celeron,DDR4,4 GB,,128 GB SSD,Intel UHD Graphics 600,Intel,Integrated,802.11bgn,,3,,
https://www.amazon.com//Intel-Celeron-N4020-14-Inch-Laptop/dp/B09YRY6QCX/ref=sr_1_93?keywords=laptop&qid=1653585574&sr=8-93,Asus E410 Intel Celeron N4020,$249.90 ,14,,1366 x 768 Pixels,intel_celeron,SDRAM,4 GB,2.8 GHz,64 GB SSD,,Intel,,,,,,
https://www.amazon.com//Lenovo-Anti-glare-Widescreen-Processor-Wireless-AC/dp/B07XZLP557/ref=sr_1_275?keywords=laptop&qid=1653585611&sr=8-275,2022 Newest Lenovo Ideapad 3,$507.00 ,15.6,,1600 x 900,core_i3,DDR4,12 GB,3.9 GHz,512 GB SSD,Intel UHD Graphics,Intel,,Bluetooth,,,,5 Hours
https://www.amazon.com//Lenovo-Chromebook-Convertible-11-6-Inch-81HY0000US/dp/B07GM2J11Q/ref=sr_1_27?keywords=laptop&qid=1653585561&sr=8-27,Lenovo Chromebook C330 2-in-1 Convertible,$294.07 ,11.6,1366x768,1366X768 Pixels,mediatek,LPDDR3,4 GB,1600 MHz,64 GB SSD,PowerVR SGX543,Intel,Integrated,802.11ac,,,1,10 Hours
https://www.amazon.com//Lenovo-Chromebook-MediaTek-Processor-81JW0000US/dp/B07GLV1VC7/ref=sr_1_29?keywords=laptop&qid=1653585561&sr=8-29,"Lenovo Chromebook S330 Laptop, 14-Inch",$198.26 ,14,,1920X1080 Pixels,mediatek,LPDDR3,4 GB,1866 MHz,64 GB SSD,,Intel,Integrated,802.11ac,2 MB,,1,10 Hours
https://www.amazon.com//Lenovo-Chromebook-Processor-Graphics-82C10004US/dp/B08523MMRX/ref=sr_1_265?keywords=laptop&qid=1653585608&sr=8-265,"Lenovo Chromebook 3 14"" Laptop,",$178.00 ,14,,1366 x 768,intel_celeron,DDR4,4 GB,2400 GHz,32 GB SSD,Intel Integrated Graphics,Intel,Integrated,"Bluetooth, 801.11ac",,,2,10 Hours
https://www.amazon.com//Lenovo-Display-Processor-Storage-82JW00BDUS/dp/B09BDGD2TZ/ref=sr_1_7?keywords=laptop&qid=1653585547&sr=8-7,Lenovo - Legion 5 -,$993.14 ,15.6,1920 x 1080,1920 x 1080,ryzen_7,DDR4,16 GB,,512 GB SSD,‎NVIDIA GeForce RTX 3050 Ti,NVIDIA,Dedicated,802.11ax,,,4,
https://www.amazon.com//Lenovo-Display-Storage-GeForce-Windows/dp/B09YVTKGSH/ref=sr_1_221?keywords=laptop&qid=1653585597&sr=8-221,"Lenovo Legion 5 Gaming Laptop,","$1,325.99 ",15.6,,1920 x 1080 Pixels,ryzen_7,DDR4,16 GB,,1 TB SSD,NVIDIA GeForce RTX 3050 Ti,NVIDIA,Dedicated,Bluetooth,1 TB,,4,
https://www.amazon.com//Lenovo-i7-1165G7-1920x1080-Fingerprint-Bluetooth/dp/B09KS9Y9TC/ref=sr_1_245?keywords=laptop&qid=1653585606&sr=8-245,Lenovo ThinkPad E15 G2 Home,"$2,299.00 ",15.6,1920x1080,1920 x 1080 Pixels,core_i7,SO-DIMM,32 GB,2.8 GHz,2 TB SSD,Intel Iris Xe Graphics,Intel,Integrated,Bluetooth,,1,,
https://www.amazon.com//Lenovo-i7-1165G7-Processor-Graphics-82A6000BUS/dp/B08Z9T5HNM/ref=sr_1_158?keywords=laptop&qid=1653585587&sr=8-158,"Lenovo IdeaPad Slim 7i 14.0""","$1,049.99 ",14,1920 x 1080 pixels,1920 x 1080 Pixels,core_i7,DDR4,8 GB,,512 GB SSD,,Intel,Integrated,"Bluetooth, 802.11ax",,,2,15 Hours
https://www.amazon.com//Lenovo-IdeaPad-14ITL05-82FE00MEUS-Notebook/dp/B09BMHSMBF/ref=sr_1_86?keywords=laptop&qid=1653585574&sr=8-86,Lenovo IdeaPad 5 14ITL05 82FE00MEUS,$709.99 ,14,1920 x 1080 pixels,1920 x 1080 Pixels,core_i5,,16 GB,3200 MHz,512 GB SSD,Intel Iris Xe Graphics,Intel,Iris Xe Graphics,"Bluetooth, 802.11ax",,1,1,11 Hours
https://www.amazon.com//Lenovo-IdeaPad-ComputerAMD-A6-9220e-Microsoft/dp/B081GMHQLR/ref=sr_1_284?keywords=laptop&qid=1653585611&sr=8-284,2020 Lenovo IdeaPad Laptop ComputerAMD,$299.99 ,14,1366 x 768,1366 x 768,amd_a_series,DDR4,4 GB,1.6 GHz,64 GB SSD,AMD Radeon R4,AMD,Dedicated,802.11ac,2 MB,,2,
https://www.amazon.com//Lenovo-IdeaPad-Display-GeForce-82K200UTUS/dp/B09BDFTX65/ref=sr_1_2?keywords=laptop&qid=1653585547&sr=8-2,Lenovo - 2021 - IdeaPad,$648.10 ,15.6,,1920 x 1080,ryzen_5,DDR4,8 GB,3200 MHz,256 GB SSD,NVIDIA GeForce GTX 1650,NVIDIA,Dedicated,802.11ax,,,2,8 Hours
https://www.amazon.com//Lenovo-IdeaPad-Display-Processor-82K20015US/dp/B08YKHGKTV/ref=sr_1_193?keywords=laptop&qid=1653585595&sr=8-193,Lenovo IdeaPad Gaming 3 15,$656.00 ,15.6,1920x1080,1920 x 1080 Pixels,ryzen_5,DDR4,8 GB,3200 MHz,256 GB SSD,NVIDIA GeForce GTX 1650,NVIDIA,Dedicated,802.11ac,,,2,8 Hours
https://www.amazon.com//Lenovo-IdeaPad-Gaming-Laptop-GeForce/dp/B08N5TQD6M/ref=sr_1_239?keywords=laptop&qid=1653585602&sr=8-239,Lenovo - IdeaPad L340 15,$691.99 ,15.6,,1920 x 1080 Pixels,core_i5,,8 GB,,256 GB SSD,NVIDIA GeForce GTX 1650,NVIDIA,Dedicated,"Bluetooth, 802.11ac",,,,
https://www.amazon.com//Lenovo-IdeaPad-i5-1035G1-15-6-inch-Screen/dp/B08NXSJVCR/ref=sr_1_31?keywords=laptop&qid=1653585561&sr=8-31,Lenovo IdeaPad 3 Intel i5-1035G1,$535.46 ,15.6,1366x768,1366 x 768 Pixels,core_i5,DDR4,12 GB,3.9 GHz,256 GB SSD,Intel UHD Graphics,Intel,Dedicated,802.11a,,1,1,8 Hours
https://www.amazon.com//Lenovo-IdeaPad-i5-1135G7-Graphics-Fingerprint/dp/B09TB1KX4S/ref=sr_1_102?keywords=laptop&qid=1653585578&sr=8-102,"2022 Lenovo IdeaPad 5i 14""",$829.99 ,14,1920x1080,1920 x 1080 Pixels,core_i5,DDR4,16 GB,3200 MHz,512 GB SSD,Intel Iris Xe Graphics,Intel,Integrated,802.11ax,,,3,12 Hours
https://www.amazon.com//Lenovo-IdeaPad-i5-1135G7-Touchscreen-Laptop/dp/B09KWGHCLK/ref=sr_1_45?keywords=laptop&qid=1653585564&sr=8-45,Lenovo IdeaPad 3 Intel Core,$537.95 ,15.6,1920x1080,1920 x 1080 Pixels,core_i5,DDR4,12 GB,4.1 GHz,256 GB SSD,Intel Iris Xe Graphics,Intel,Integrated,801.11ac,,1,2,
https://www.amazon.com//Lenovo-Ideapad-i5-9300H-Processor-81LK00HDUS/dp/B07VC55LF5/ref=sr_1_181?keywords=laptop&qid=1653585592&sr=8-181,"Lenovo Ideapad L340 Gaming Laptop,",$681.00 ,15.6,1600x1200 pixels,1920 x 1080 Pixels,core_i5,DDR4,8 GB,2400 MHz,512 GB SSD,NVIDIA GeForce GTX 1650,NVIDIA,Dedicated,Bluetooth,4 GB,,2,9 Hours
https://www.amazon.com//Lenovo-IdeaPad-Laptop-i5-1035G1-Platinum/dp/B08W4PJC8J/ref=sr_1_101?keywords=laptop&qid=1653585578&sr=8-101,Lenovo IdeaPad 3 Laptop 10th,$439.00 ,14,,1920 x 1080 Pixels,core_i5,LPDDR4,8 GB,2666 MHz,512 GB SSD,Intel UHD Graphics,Intel,Integrated,Bluetooth,,1,1,
https://www.amazon.com//Lenovo-IdeaPad-Lightweight-Pentium-Windows/dp/B09P19C9Z5/ref=sr_1_19?keywords=laptop&qid=1653585561&sr=8-19,"Lenovo IdeaPad 3i 15.6"" FHD",$319.95 ,15.6,1920 x 1080,,ryzen_5,DDR4,4 GB,,128 GB SSD,,AMD,Integrated,Bluetooth,,1,1,
https://www.amazon.com//Lenovo-IdeaPad-Processor-Graphics-81VU0079US/dp/B08YKHYCPW/ref=sr_1_23?keywords=laptop&qid=1653585561&sr=8-23,"Lenovo IdeaPad 1 14 Laptop,",$229.89 ,14,1920 x 1080 pixels,1366 x 768 Pixels,intel_celeron,DDR4,4 GB,,64 GB SSD,Integrated AMD Radeon R5 Graphics,Intel,Integrated,802.11ac,,,2,12 Hours
https://www.amazon.com//Lenovo-IdeaPad-Processor-Graphics-81W0003QUS/dp/B0862269YP/ref=sr_1_26?keywords=laptop&qid=1653585561&sr=8-26,"Lenovo IdeaPad 3 14"" Laptop,",$518.00 ,14,1920 x 1080,1920 x 1080 Pixels,ryzen_5,DDR4,8 GB,2400 MHz,256 GB SSD,AMD Integrated Graphics,AMD,Integrated,802.11ac,,1,2,
https://www.amazon.com//Lenovo-Legion-pro-Display-GeForce/dp/B01L4I438G/ref=sr_1_126?keywords=laptop&qid=1653585581&sr=8-126,2022 Newest Lenovo Legion 5,"$1,598.88 ",16,,2560x1600 Pixels,ryzen_7,DDR4,32 GB,3.2 GHz,1 TB SSD,‎‎NVIDIA GeForce RTX 3060,NVIDIA,Dedicated,"Bluetooth, 802.11b",,,,4 Hours
https://www.amazon.com//Lenovo-Processor-Graphics-81W10094US-Business/dp/B0872K4XCJ/ref=sr_1_292?keywords=laptop&qid=1653585614&sr=8-292,"Lenovo IdeaPad 3 15 Laptop,",$423.00 ,15.6,1366 x 768,1366 x 768 Pixels,ryzen_3,DDR4,4 GB,2400 MHz,256 GB SSD,AMD Radeon Vega 3,AMD,Integrated,"Bluetooth, 802.11ac",,1,2,9 Hours
https://www.amazon.com//Lenovo-Processor-Graphics-82HU00JWUS-Graphite/dp/B09BG96KFJ/ref=sr_1_174?keywords=laptop&qid=1653585589&sr=8-174,"Lenovo Flex 5 Laptop, 14.0""",$599.99 ,14,,1920 x 1080,ryzen_5,DDR4,16 GB,,512 GB SSD,,AMD,Integrated,802.11ac,,,2,12 Hours
https://www.amazon.com//Lenovo-T15g-Workstation-i9-10885H-Thunderbolt/dp/B09B28TV4Q/ref=sr_1_28?keywords=laptop&qid=1653585561&sr=8-28,"2022 Lenovo ThinkPad T15g 15.6""","$3,499.99 ",15.6,1920 x 1080 pixels,1920 x 1080 Pixels,intel_xeon,DDR4,64 GB,2933 MHz,1 TB SSD,NVIDIA GeForce RTX 2080 Super with Max-Q 8GB,NVIDIA,Dedicated,2.4 GHz Radio Frequency,,,,
https://www.amazon.com//Lenovo-ThinkBook-20YA002HUS-Touchscreen-Notebook/dp/B09KMDXNNH/ref=sr_1_200?keywords=laptop&qid=1653585595&sr=8-200,Lenovo ThinkBook 13s G3 ACN,$479.99 ,13.3,2560 x 1600 pixels,2560 x 1600 Pixels,ryzen_5,LPDDR4X,8 GB,2.3 GHz,256 GB SSD,AMD Radeon Graphics,AMD,Radeon Graphics,"Bluetooth, 802.11a/b/g/n/ac",,,,
https://www.amazon.com//Lenovo-ThinkBook-ACL-21A2009FUS-Notebook/dp/B09CQ9N69V/ref=sr_1_261?keywords=laptop&qid=1653585608&sr=8-261,Lenovo ThinkBook 14 G3 ACL,$764.95 ,14,1920 x 1080 pixels,1920 x 1080,ryzen_3,DDR4,16 GB,2.6 GHz,256 GB SSD,AMD Radeon Graphics,AMD,Radeon Graphics,"Bluetooth, 802.11ac",,,,
https://www.amazon.com//Lenovo-ThinkBook-i7-1165G7-Graphics-Thunderbolt/dp/B09LTN9HTM/ref=sr_1_257?keywords=laptop&qid=1653585608&sr=8-257,2022 Lenovo ThinkBook 13s Gen2,$999.00 ,13.3,2560 x 1600,2560 x 1600 Pixels,core_i7,SO-DIMM,16 GB,4266 MHz,512 GB SSD,Intel Iris Xe Graphics,Intel,,802.11ac,,,,9 Hours
https://www.amazon.com//Lenovo-ThinkPad-i7-1165G7-Fingerprint-Professional/dp/B09WJK4998/ref=sr_1_49?keywords=laptop&qid=1653585567&sr=8-49,Lenovo ThinkPad E15 Gen2 Business,"$1,349.00 ",15.6,,1920 x 1080 Pixels,core_i7,DDR4,32 GB,2.8 GHz,1 TB SSD,Intel Iris Xe Graphics,Intel,,Bluetooth,,,,
https://www.amazon.com//Lenovo-Touchscreen-i3-1115G4-Bluetooth-Fingerprint/dp/B09MR3FKL4/ref=sr_1_218?keywords=laptop&qid=1653585597&sr=8-218,2022 Newest Lenovo Ideapad 3i,$509.99 ,15.6,1920 x 1080,1920 x 1080 Pixels,core_i3,DDR4,8 GB,4.1 GHz,256 GB SSD,Intel UHD Graphics,Intel,,Bluetooth,,,,
https://www.amazon.com//Lenovo-Touchscreen-i7-1165G7-Keyboard-Fingerprint/dp/B08W54YSPW/ref=sr_1_62?keywords=laptop&qid=1653585567&sr=8-62,"Lenovo IdeaPad 5 15.6"" FHD",$789.00 ,15.6,1920 x 1080,1920 x 1080 Pixels,core_i7,SDRAM,12 GB,2.8 GHz,512 GB SSD,Intel Iris Xe Graphics,Intel,Integrated,Bluetooth,,,3,12 Hours
https://www.amazon.com//Lenovo-Yoga-9i-Touchscreen-Thunderbolt/dp/B08XK1HZ66/ref=sr_1_298?keywords=laptop&qid=1653585614&sr=8-298,Lenovo Yoga 9i 14 2-in-1,"$1,487.00 ",14,,3840x2160 Pixels,core_i7,,16 GB,,512 GB ssd,Intel Iris Xe Graphics,Intel,Integrated,Bluetooth,,,,10 Hours
https://www.amazon.com//LG-Gram-15Z90P-Ultra-Lightweight-Thunderbolt/dp/B0942BQLLY/ref=sr_1_37?keywords=laptop&qid=1653585564&sr=8-37,"LG Gram 15Z90P – 15.6""",$936.00 ,15.6,1920 x 1080 pixels,1920 x 1080 Pixels,core_i5,LPDDR4,8 GB,4266 MHz,512 GB SSD,,Intel,Integrated,802.11ax,,,1,19.5 Hours
https://www.amazon.com//LG-Gram-16T90P-Lightweight-Thunderbolt/dp/B08SZ95TK4/ref=sr_1_12?keywords=laptop&qid=1653585551&sr=8-12,"LG Gram 16T90P - 16""","$1,999.00 ",16,2560 x 1600 pixels,2560 x 1600 Pixels,core_i7,LPDDR4,16 GB,4266 MHz,2 TB ssd,,Intel,Integrated,802.11ax,,,3,21 Hours
https://www.amazon.com//LG-Laptop-Ultra-Lightweight-Ultra-Portable-Battery/dp/B08YDLCXR4/ref=sr_1_98?keywords=laptop&qid=1653585578&sr=8-98,"LG Gram 17Z90P Laptop 17""","$1,625.49 ",17,2560 x 1600 pixels,2560 x 1600 Pixels,core_i7,LPDDR4,16 GB,4266 MHz,2 TB SSD,,Intel,Integrated,802.11ax,,,1,19.5 Hours
https://www.amazon.com//Microsoft-Surface-Laptop-13-5-Touch-Screen/dp/B08YX4NVCK/ref=sr_1_95?keywords=laptop&qid=1653585574&sr=8-95,Microsoft Surface Laptop 4 13.5”,$826.49 ,13.5,2256 x 1504,2256 x 1504 Pixels,core_i5,LPDDR4,8 GB,,512 GB SSD,Iris™ Plus graphics 950,Intel,Integrated,802.11ax,,,2,11.5 Hours
https://www.amazon.com//Microsoft-Surface-Laptop-13-5-Touch-Screen/dp/B08YX6976Q/ref=sr_1_66?keywords=laptop&qid=1653585570&sr=8-66,Microsoft Surface Laptop 4 13.5”,$813.99 ,13.5,2256 x 1504,2256 x 1504 Pixels,core_i5,LPDDR4,8 GB,,512 GB SSD,Iris™ Plus graphics 950,Intel,Integrated,802.11ax,,,2,11.5 Hours
https://www.amazon.com//Microsoft-Surface-Laptop-13-5-Touch-Screen/dp/B09D62V4SN/ref=sr_1_155?keywords=laptop&qid=1653585587&sr=8-155,Microsoft Surface Laptop 4 13.5”,"$1,833.42 ",13.5,,,core_i5,,16 GB,,512 GB SSD,,,,,,,,
https://www.amazon.com//Microsoft-Surface-Laptop-Touch-Screen/dp/B09MZQ7VJK/ref=sr_1_69?keywords=laptop&qid=1653585570&sr=8-69,"Microsoft Surface Laptop 4 15""","$1,799.99 ",15,,,core_i7,LPDDR4,16 GB,,512 GB SSD,,Intel,Integrated,,,,2,
https://www.amazon.com//Microsoft-Surface-Laptop-Touchscreen-Sandstone/dp/B08GZLYB6Q/ref=sr_1_140?keywords=laptop&qid=1653585584&sr=8-140,Microsoft Surface Laptop Go -,$633.95 ,12.4,1536 x 1024,1536 x 1024,core_i5,LPDDR4,8 GB,,256 GB SSD,Intel UHD Graphics,Intel,Integrated,,,,2,
https://www.amazon.com//Microsoft-Touchscreen-Quad-Core-i5-1035G1-Bluetooth/dp/B08LF3ZQBL/ref=sr_1_222?keywords=laptop&qid=1653585597&sr=8-222,"Microsoft Surface Laptop Go 12.4""",$456.25 ,12.4,,1536 x 1024 Pixels,core_i5,LPDDR4X,4 GB,3.6 GHz,64 GB SSD,,Intel,Integrated,Bluetooth,,,,13 Hours
https://www.amazon.com//MSI-9SCX-005-Gaming-i5-9300H-GTX1650/dp/B0843JCV17/ref=sr_1_199?keywords=laptop&qid=1653585595&sr=8-199,MSI GF63 THIN 9SCX-005 15.,$663.00 ,15.6,1920 x 1080,1920 x 1080,core_i5,,8 GB,2666 MHz,256 GB SSD,NVIDIA GeForce GTX 1650,NVIDIA,Dedicated,802.11ac,1 GB,,4,1 days
https://www.amazon.com//MSI-Creator-17-i7-11800H-B11UH-238/dp/B096DC17CX/ref=sr_1_271?keywords=laptop&qid=1653585608&sr=8-271,"MSI Creator 17 17.3"" UHD","$3,077.44 ",17.3,3840 x 2160 pixels,3840 x 2160 Pixels,core_i7,DDR4,32 GB,3200 MHz,1 TB SSD,,NVIDIA,Dedicated,Bluetooth,16 GB,,4,
https://www.amazon.com//MSI-Creator-17-Professional-Laptop/dp/B098WRVRH4/ref=sr_1_262?keywords=laptop&qid=1653585608&sr=8-262,MSI Creator 17 Professional Laptop:,"$1,815.44 ",17.3,3840 x 2160 pixels,3840 x 2160 Pixels,core_i7,DDR4,16 GB,3200 MHz,512 GB SSD,,NVIDIA,Dedicated,Bluetooth,6 GB,,2,
https://www.amazon.com//MSI-Crosshair-17-Generation-Octa-core/dp/B09NBQLFQ9/ref=sr_1_204?keywords=laptop&qid=1653585595&sr=8-204,MSI Crosshair 17 Gaming Laptop,"$1,499.00 ",17.3,1920x1080,FHD (1920 x 1080) IPS 144Hz Pixels,core_i7,,32 GB,,1 TB SSD,Dedicated NVIDIA GeForce RTX 3050 Ti 4GB,NVIDIA,Dedicated,Bluetooth,,,,
https://www.amazon.com//MSI-Crosshair17-i7-11800H-RTX3060-512GBNVMe/dp/B095BV649X/ref=sr_1_77?keywords=laptop&qid=1653585570&sr=8-77,"MSI Crosshair17 17.3"" 144Hz FHD","$1,379.97 ",17.3,1920 x 1080,1920 x 1080 Pixels,core_i7,DDR4,16 GB,3200 MHz,512 GB SSD,,NVIDIA,Dedicated,Bluetooth,6 GB,1,3,
https://www.amazon.com//MSI-Gaming-i7-11800H-Backlit-Accessories/dp/B09W8NC9JQ/ref=sr_1_216?keywords=laptop&qid=1653585597&sr=8-216,"MSI GP66 Gaming Laptop, Core","$1,689.99 ",15.6,,1920 x 1080 Pixels,core_i7,DDR4,16 GB,4.6 GHz,1 TB SSD,NVIDIA GeForce RTX 3060,NVIDIA,Integrated,802.11ax,,,,
https://www.amazon.com//MSI-GF63-Thin-10SCXR-222-i5-10300H/dp/B08YRZ2LLJ/ref=sr_1_99?keywords=laptop&qid=1653585578&sr=8-99,"MSI Computer GF63, NVIDIA GeForce",$644.06 ,15.6,1920 x 1080,1920x1080 Pixels,core_i5,DDR4,8 GB,2.5 GHz,256 GB SSD,NVIDIA GeForce GTX 1650,NVIDIA,Dedicated,"Bluetooth, 802.11abg",,,3,7 Hours
https://www.amazon.com//MSI-GF65-Thin-i7-10750H-10SDR-1273/dp/B095XDX3D6/ref=sr_1_119?keywords=laptop&qid=1653585581&sr=8-119,"MSI GF65 Thin 15.6"" 120Hz",$845.00 ,15.6,1920 x 1080,1920 x 1080 Pixels,core_i7,DDR4,8 GB,2666 MHz,512 GB SSD,NVIDIA GeForce GTX 1660Ti,NVIDIA,Dedicated,Bluetooth,6 GB,,3,
https://www.amazon.com//MSI-GL66-Gaming-Laptop-i7-11800H/dp/B09127DDVT/ref=sr_1_9?keywords=laptop&qid=1653585547&sr=8-9,MSI Pulse GL66 Gaming Laptop:,"$1,274.48 ",15.6,1920 x 1080 pixels,1920 x 1080 Pixels,core_i7,DDR4,16 GB,3200 MHz,512 GB SSD,NVIDIA GeForce RTX 3070,NVIDIA,Dedicated,Bluetooth,8 GB,,3,
https://www.amazon.com//MSI-GP66-Leopard-Gaming-Laptop/dp/B092RY36ZL/ref=sr_1_269?keywords=laptop&qid=1653585608&sr=8-269,MSI GP66 Leopard Gaming Laptop:,"$1,649.99 ",15.6,,1920 x 1080 Pixels,core_i7,DDR4,16 GB,3200 MHz,1 TB SSD,NVIDIA GeForce RTX 3070 8GB,NVIDIA,Dedicated,Bluetooth,8 GB,,3,
https://www.amazon.com//MSI-GP76-Leopard-Gaming-Laptop/dp/B095C1YRWN/ref=sr_1_112?keywords=laptop&qid=1653585578&sr=8-112,MSI GP76 Leopard Gaming Laptop:,"$1,749.00 ",17.3,1920 x 1080,1920 x 1080 Pixels,core_i7,DDR4,16 GB,3200 MHz,1 TB SSD,NVIDIA GeForce RTX 3070,Intel,Dedicated,Bluetooth,8 GB,,3,
https://www.amazon.com//MSI-GS75-Stealth-10SE-620-i7-10875H/dp/B08965WD75/ref=sr_1_106?keywords=laptop&qid=1653585578&sr=8-106,MSI GS75 Stealth Gaming Laptop:,"$1,429.99 ",17.3,1920 x 1080 pixels,1920 x 1080 Pixels,core_i7,DDR4,16 GB,3200 MHz,512 GB SSD,NVIDIA GeForce RTX 2060,NVIDIA,Dedicated,,6 GB,,3,
https://www.amazon.com//MSI-i5-10300H-Processor-Wireless-AC-Bluetooth/dp/B08FF358SW/ref=sr_1_253?keywords=laptop&qid=1653585606&sr=8-253,"MSI GF75 Thin Gaming Laptop,",$896.00 ,17.3,1920x1080,1920 x 1080 Pixels,core_i5,DDR4,8 GB,4.5 GHz,512 GB SSD,"GeForce GTX 1650, 4GB GDDR6",NVIDIA,,Bluetooth,,,,
https://www.amazon.com//MSI-i7-11800H-GeForce-Backlit-Windows/dp/B09WCMTKD3/ref=sr_1_214?keywords=laptop&qid=1653585597&sr=8-214,"2022 MSI Sword 15.6"" FHD","$1,299.99 ",15.6,1920x1080,1920 x 1080 Pixels,core_i7,DDR4,32 GB,,1 TB SSD,NVIDIA GeForce RTX 3050 Ti 4GB GDDR6,NVIDIA,Dedicated,802.11ax,4 GB,,3,4 Hours
https://www.amazon.com//MSI-i7-11800H-GeForce-RTX3060-Thunberbolt4/dp/B09Y8QN96Z/ref=sr_1_10?keywords=laptop&qid=1653585551&sr=8-10,"2022 MSI GE76 Raider 17.3""","$2,049.00 ",17.3,1920x1080,1920x1080 Pixels,core_i7,DDR4,64 GB,3200 MHz,2 TB SSD,Nvidia GeForce RTX 3060 6GB,NVIDIA,Dedicated,802.11ax,6 GB,,6,6 Hours
https://www.amazon.com//MSI-Katana-GF66-Notebook-i5-11400H/dp/B09DRDJJC1/ref=sr_1_36?keywords=laptop&qid=1653585564&sr=8-36,"MSI Katana GF66 15.6"" Full",$749.00 ,15.6,,1920 x 1080 Pixels,core_i5,DDR4,8 GB,2.7 GHz,512 GB SSD,,NVIDIA,Dedicated,,,1,2,
https://www.amazon.com//MSI-Katana-i7-11800H-Processor-Keyboard/dp/B09TCFVGJF/ref=sr_1_258?keywords=laptop&qid=1653585608&sr=8-258,"MSI Katana GF66 Gaming Laptop,","$1,249.00 ",15.6,,1920 x 1080 Pixels,core_i7,DDR4,16 GB,4.6 GHz,512 GB SSD,NVIDIA GeForce RTX 3060,NVIDIA,Dedicated,Bluetooth,,,,
https://www.amazon.com//MSI-Modern-Professional-i5-1155G7-B11MO-857/dp/B09FS4PMPT/ref=sr_1_297?keywords=laptop&qid=1653585614&sr=8-297,MSI Modern 14 Beige Mousse,$699.00 ,14,1920 x 1080 pixels,1920 x 1080 Pixels,core_i5,DDR4,8 GB,3200,512 GB SSD,Intel Iris Xe Graphics,Intel,Integrated,"Bluetooth, 802.11ax",,,2,
https://www.amazon.com//MSI-Prestige-Evo-Professional-Laptop/dp/B09FNTLZYJ/ref=sr_1_74?keywords=laptop&qid=1653585570&sr=8-74,MSI Prestige 14 Evo Professional,$699.00 ,14,,1920 x 1080 Pixels,core_i5,LPDDR4X,16 GB,4267 MHz,512 GB SSD,,Intel,Integrated,"Bluetooth, 802.11ax",,1,,
https://www.amazon.com//MSI-Pulse-GL66-Gaming-Laptop/dp/B09RB9B7SD/ref=sr_1_244?keywords=laptop&qid=1653585606&sr=8-244,"MSI Pulse GL66 15.6"" FHD","$1,465.00 ",15.6,,1920x1080 Pixels,core_i7,DDR4,16 GB,3200 MHz,512 GB SSD,,NVIDIA,Dedicated,Bluetooth,8 GB,1,3,
https://www.amazon.com//MSI-Pulse-GL76-i7-12700H-RTX3070/dp/B09RB8YP2R/ref=sr_1_250?keywords=laptop&qid=1653585606&sr=8-250,"MSI Pulse GL76 17.3"" FHD","$1,899.00 ",17.3,1920 x 1080 pixels,1920x1080 Pixels,core_i7,DDR4,16 GB,3200 MHz,512 GB SSD,,NVIDIA,Dedicated,Bluetooth,8 GB,1,3,
https://www.amazon.com//MSI-Raider-GE66-i7-12700H-RTX3070TI/dp/B09RB9Z4Z2/ref=sr_1_60?keywords=laptop&qid=1653585567&sr=8-60,"MSI Raider GE66 15.6"" QHD","$2,499.00 ",15.6,,2560x1440 Pixels,core_i7,DDR5,32 GB,4800 MHz,1 TB SSD,,NVIDIA,Dedicated,Bluetooth,8 GB,,4,
https://www.amazon.com//MSI-Raider-GE66-i9-12900HK-RTX3070TI/dp/B09RBB6JD6/ref=sr_1_56?keywords=laptop&qid=1653585567&sr=8-56,"MSI Raider GE66 15.6"" QHD","$2,699.00 ",15.6,,2560x1440 Pixels,core_i9,DDR5,32 GB,4800 MHz,1 TB SSD,,NVIDIA,Dedicated,Bluetooth,8 GB,,4,
https://www.amazon.com//MSI-Stealth-15M-Gaming-Laptop/dp/B091GGZT1S/ref=sr_1_11?keywords=laptop&qid=1653585547&sr=8-11,MSI Stealth 15M Gaming Laptop:,"$1,141.90 ",15.6,1920 x 1080 pixels,1920 x 1080 Pixels,core_i7,DDR4,16 GB,3200 MHz,512 GB SSD,NVIDIA GeForce RTX 3060,NVIDIA,Dedicated,Bluetooth,6 GB,,2,
https://www.amazon.com//MSI-Stealth-i9-11900H-Octa-Core-Processor/dp/B09VV8RV8S/ref=sr_1_22?keywords=laptop&qid=1653585561&sr=8-22,"MSI GS66 Stealth Gaming Laptop,","$2,399.00 ",15.6,,2560 x 1440 Pixels,core_i9,DDR4,64 GB,2.5 GHz,1 TB SSD,NVIDIA GeForce RTX 3070,NVIDIA,Dedicated,Bluetooth,,,,
https://www.amazon.com//MSI-Summit-Flip-Professional-Laptop/dp/B08VJL564K/ref=sr_1_90?keywords=laptop&qid=1653585574&sr=8-90,MSI Summit E13 Flip EVO,"$1,799.00 ",13.4,,,core_i7,LPDDR4X,32 GB,4267 MHz,1 TB SSD,Intel Iris Xe Graphics,Intel,Integrated,Bluetooth,,,1,
https://www.amazon.com//MSI-WS76-Workstation-Laptop-Thunderbolt/dp/B09BTKHC5X/ref=sr_1_277?keywords=laptop&qid=1653585611&sr=8-277,"MSI WS76 Workstation Laptop: 17.3""","$2,393.79 ",17.3,1920 x 1080,1920 x 1080 Pixels,core_i7,DDR4,32 GB,3200 MHz,1 TB SSD,,NVIDIA,Dedicated,Bluetooth,6 GB,,2,
https://www.amazon.com//Newest-Acer-Aspire-15-6-Laptop/dp/B09SWKXRKP/ref=sr_1_295?keywords=laptop&qid=1653585614&sr=8-295,"Newest Acer Aspire 5 15.6""",$499.00 ,15.6,1920x1080,1920x1080 Pixels,ryzen_3,DDR4,8 GB,3.5 GHz,128 GB SSD,AMD Radeon Vega 6,AMD,Integrated,802.11ax,,,3,
https://www.amazon.com//Newest-HP-Laptop-1005G1-Windows/dp/B08SW8DKR7/ref=sr_1_21?keywords=laptop&qid=1653585561&sr=8-21,"Newest HP 17.3"" Laptop Intel",$999.99 ,17.3,,,core_i3,DDR4,8 GB,,1 TB HDD,,Intel,Integrated,"Bluetooth, 802.11a",,,,
https://www.amazon.com//Newest-HP-Pavilion-Pentium-Windows/dp/B0894DBTRV/ref=sr_1_163?keywords=laptop&qid=1653585589&sr=8-163,Newest HP Pavilion Intel Pentium,$278.00 ,15.6,1366x768,1266x768 Pixels,intel_pentium,SDRAM,4 GB,2.7 GHz,128 GB SSD,Intel HD Graphics 620,Intel,Integrated,Bluetooth,,1,1,10 Hours
https://www.amazon.com//New-Microsoft-Surface-Laptop-Touch-Screen/dp/B07YNLKTW9/ref=sr_1_256?keywords=laptop&qid=1653585606&sr=8-256,Microsoft Surface Laptop 3 –,"$1,096.27 ",15,2496 x 1664,2496 x 1664,ryzen_5,DDR4,16 GB,,256 GB SSD,AMD Radeon Vega 9,Intel,Integrated,,,,2,11.5 Hours
https://www.amazon.com//Panasonic-Toughbook-Touchscreen-Convertible-i5-3610ME/dp/B08QL3S2RQ/ref=sr_1_283?keywords=laptop&qid=1653585611&sr=8-283,"Panasonic Toughbook CF-19, MK8, 10.1",$498.00 ,10.1,1024×768,1024 X 768 Pixels,core_i5,,8 GB,2.7 GHz,256 GB ssd,Intel® HD Graphics 4000,,,Bluetooth,,,,
https://www.amazon.com//Razer-Blade-Base-Gaming-Laptop/dp/B08LZYN1ZF/ref=sr_1_65?keywords=laptop&qid=1653585570&sr=8-65,Razer Blade 15 Base Gaming,"$1,439.23 ",15.6,,1920 x 1080 Pixels,core_i7,DDR4,16 GB,,256 GB SSD,NVIDIA GeForce GTX 1650 Ti,NVIDIA,Dedicated,802.11a/b/g/n/ac,,,3,
https://www.amazon.com//Razer-Blade-Gaming-Laptop-2021/dp/B099774BJQ/ref=sr_1_180?keywords=laptop&qid=1653585592&sr=8-180,Razer Blade Pro 17 Gaming,"$2,605.98 ",17,,2560 x 1440 Pixels,core_i7,DDR4,16 GB,,1 TB SSD,,NVIDIA,Integrated,,,,4,
https://www.amazon.com//Razer-Book-Laptop-i7-1165G7-Thunderbolt/dp/B09HJGCL5Q/ref=sr_1_259?keywords=laptop&qid=1653585608&sr=8-259,Razer Book 13 Laptop: Intel,"$1,499.99 ",13,1920 x 1200 pixels,1920 x 1200 Pixels,core_i7,DDR4,16 GB,,1 TB SSD,Intel Iris Xe Graphics,Intel,Dedicated,"Bluetooth, 802.11a/b/g/n/ac",,,1,
https://www.amazon.com//ROG-Zephyrus-G14-White-Tikbot-Accessories/dp/B098TC93DL/ref=sr_1_57?keywords=laptop&qid=1653585567&sr=8-57,Asus ROG Zephyrus G14 VR,"$1,375.82 ",14,,1920 x 1080 Pixels,ryzen_9,DDR4,16 GB,3200 MHz,1 TB SSD,NVIDIA GeForce RTX3060 Max-Q,NVIDIA,Dedicated,Bluetooth,,,,
https://www.amazon.com//Samsung-2-1-Touch-Screen-Chromebook/dp/B07F1BNSGB/ref=sr_1_17?keywords=laptop&qid=1653585561&sr=8-17,"Samsung - Plus 2-in-1 12.2""",$223.94 ,12.2,1920x1080,,intel_celeron,,4 GB,,32 GB SSD,Intel HD Graphics 615,Intel,Integrated,802.11g,,,,
https://www.amazon.com//Samsung-Chromebook-Plus-Camera-Chrome/dp/B07J1SY5QQ/ref=sr_1_50?keywords=laptop&qid=1653585567&sr=8-50,"Samsung Chromebook Plus V2, 2-in-1,",$299.99 ,12.2,,1900*1200 Pixels,intel_celeron,LPDDR3,4 GB,,32 GB SSD,Intel HD Graphics 615,Intel,Integrated,802.11ac,,1,1,
https://www.amazon.com//SAMSUNG-Computer-Processor-Certified-Lightweight/dp/B09R94XYBS/ref=sr_1_83?keywords=laptop&qid=1653585574&sr=8-83,SAMSUNG 15.6” Galaxy Book2 Pro,"$1,214.87 ",15.6,,1920 x 1080 Pixels,core_i7,Lpddr,16 GB,,512 GB SSD,,Intel,Integrated,Bluetooth,,,,
https://www.amazon.com//Samsung-Electronics-Platform-Processor-Long-Lasting/dp/B09D8SGXB6/ref=sr_1_10?keywords=laptop&qid=1653585547&sr=8-10,Samsung Galaxy Book Pro Windows,"$1,159.00 ",15.6,,1920 x 1080 Pixels,core_i7,LPDDR4,16 GB,,512 GB SSD,,Intel,Integrated,"Bluetooth, 802.11ax",,3,,10 Hours
https://www.amazon.com//SAMSUNG-Platform-Computer-Processor-Long-Lasting/dp/B091WR26F4/ref=sr_1_80?keywords=laptop&qid=1653585570&sr=8-80,SAMSUNG Galaxy Book Pro Intel,$913.99 ,15.6,,1920 x 1080 Pixels,core_i5,LPDDR4X,8 GB,,512 GB SSD,,Intel,Integrated,"Bluetooth, 802.11ax",,,1,20 Hours
https://www.amazon.com//SAMSUNG-Platform-Computer-Processor-Long-Lasting/dp/B091WSQYNF/ref=sr_1_285?keywords=laptop&qid=1653585611&sr=8-285,SAMSUNG Galaxy Book Pro Intel,"$1,471.34 ",13.3,,1920 x 1080 Pixels,core_i7,LPDDR4X,8 GB,,512 GB SSD,,Intel,Integrated,"Bluetooth, 802.11ax",,,1,21 Hours
https://www.amazon.com//ThinkPad-Titinium-Touchscreen-i7-1160G7-Fingerprint/dp/B09YHD3K1K/ref=sr_1_177?keywords=laptop&qid=1653585592&sr=8-177,2022 LENOVO ThinkPad X1 Titinium,"$1,649.00 ",13.5,2256x1504,3840 x 2160 Pixels,core_i7,LPDDR4,16 GB,,512 GB ssd,Intel UHD Graphics,Intel,Integrated,802.11ax,,,2,10 Hours
https://www.amazon.com//Toughbook-CF-19-MK8-Touchscreen-Convertible/dp/B09NL4MLPC/ref=sr_1_73?keywords=laptop&qid=1653585570&sr=8-73,"Panasonic Toughbook CF-19, MK8, 10.1-inch",$499.00 ,10.1,1024×768,1024 x 768 Pixels,core_i5,DDR3,8 GB,2.7 GHz,256 GB ssd,Intel® HD Graphics 4000,Intel,Integrated,Bluetooth,,3,,
https://www.amazon.com//VivoBook-R565EA-UH51T-Touchscreen-Laptop-i5-1135G7/dp/B09NCMBXWJ/ref=sr_1_71?keywords=laptop&qid=1653585570&sr=8-71,New Asus VivoBook R565EA-UH51T 15.6'',$518.53 ,15.6,,1920 x 1080 Pixels,core_i5,DDR4,8 GB,3200 MHz,256 GB SSD,Intel Iris Xe Graphics,,Dedicated,2.4 GHz Radio Frequency,,,,8 Hours
https://www.amazon.com//Windows-HP-15-Display-Bluetooth/dp/B09LMT33DL/ref=sr_1_150?keywords=laptop&qid=1653585587&sr=8-150,[Windows 11 Home] Newest HP,$559.00 ,15.6,,1366 x 768 Pixels,ryzen_3,DDR4,16 GB,3.5 GHz,512 GB SSD,AMD Radeon Graphics,AMD,,"Bluetooth, 802.11b",,,,
https://www.amazon.com//Windows-HP-Display-Processor-Bluetooth/dp/B09M96J5SJ/ref=sr_1_114?keywords=laptop&qid=1653585581&sr=8-114,[Windows 11 Home] Newest HP,$489.00 ,15.6,,1920 x 1080 Pixels,amd_athlon,DDR4,8 GB,3.2 GHz,256 GB SSD,AMD Radeon Graphics,AMD,Integrated,"Bluetooth, 802.11a",,,,10 Hours
